店名,住所
モーリーファンタジー三笠店,北海道三笠市岡山1059-1 SuC1階
ちびっこ遊園地ジョイランドイオン伊達,北海道伊達市末永町8-1 イオン伊達店2F
イオン伊達店,北海道伊達市末永町8-1 
ゲオパーク伊達店,北海道伊達市末永町６６番地１ 
MEGAドン・キホーテ函館店,北海道函館市美原１－７－１ 
ぷれいらんど373函館店,北海道函館市美原１－７－１ MEGAドン・キホーテ函館店2階
らんらんらんど湯ノ川店,北海道函館市湯川町３－１４－５ ダイエー湯川店１・2F
イトーヨーカドー函館店,北海道函館市美原１－３－１ 
ゲオパーク函館昭和,北海道函館市昭和3丁目24-18 ゲオ函館昭和店1階
スーパーアークス 港町店,北海道函館市港町1丁目2-1 
トイザらス函館店,北海道函館市石川町５２－１５ ＣＥＮＴＲＥＭＡＲＵＹＡＭＡ内
らんらんらんど上磯店,北海道北斗市七重浜4-44-1 ダイエー上磯店1階
ダイエー上磯店,北海道北斗市七重浜４－４４－１ 
トライアル上磯アミューズメントシティ,北海道北斗市七重浜7-14-1 
イオン北見店,北海道北見市北進町1-1-1 
イトーヨーカドー北見店,北海道北見市光西町１８５ 
イーストモール,北海道北見市端野町三区５７２－１ 
ゲオパーク北見,北海道北見市西三輪５―１―１６ 
東武端野店アミューズメントシティ,北海道北見市端野町三区572-1 スーパーTマート内
１００満ボルト北見本店,北海道北見市中央三輪１－３７１－９ 
アピナ新千歳空港店,北海道千歳市美々１292番地33 新千歳空港（国内線）旅客ターミナル４Ｆ
イオン千歳キッズ・パーク,北海道千歳市栄町6-61 
イオン千歳店,北海道千歳市栄町6-51 
モーリーファンタジー名寄店,北海道名寄市字徳田80番地1 イオン2階
イオン小樽店,北海道小樽市築港11-6 
ナムコランド小樽,北海道小樽市築港１１番５号 ウィングベイ小樽５番街２階
長崎屋小樽店,北海道小樽市稲穂２－２０－１ 
イオン岩見沢店,北海道岩見沢市大和4条8-1 
ダイエー岩見沢店,北海道岩見沢市９条西２０－ 
MEGAドン・キホーテ西帯広店,北海道帯広市西２１条南４－１ 
イオン帯広キッズ・パーク,北海道帯広市西4条南20丁目 
イオン帯広店,北海道帯広市西4条南20-1 
イトーヨーカドー帯広店,北海道帯広市稲田町南８線西１０－１ 
ゲオパーク帯広,北海道帯広市稲田町南8線西12-1 スズランボウル内
ディノスパーク帯広,北海道帯広市白樺１６条西２丁目 ドリームタウン白樺内
ファンタジープラザ帯広店,北海道帯広市西四条南１２－３ 長崎屋帯広店２階
１００満ボルトフレスポ本店,北海道帯広市稲田町南９線西１１－１ 
イトーヨーカドー恵庭店,北海道恵庭市恵み野西２－１ 
MEGAドン・キホーテ旭川店,北海道旭川市春光１条８－１－６５ 
おもちゃのヨシダ,北海道旭川市本町３－４３７－２３８ 
らんらんらんど旭川パルプ店,北海道旭川市パルプ町１条２丁目５０５番２ ショッピングセンターパルプタウン内１F
らんらんらんど旭川店,北海道旭川市豊岡3条2-2-19 ダイエー旭川店2階
イオン旭川永山店,北海道旭川市永山3条12-2-11 
イオン旭川西店,北海道旭川市緑町23丁目2161-3 
イトーヨーカドー旭川店,北海道旭川市六条１４－６４ 
ソユーゲームフィールド旭川駅前,北海道旭川市宮下通7-2-5 イオンモール旭川駅前4階
ディノスパーク旭川,北海道旭川市大雪通り５丁目４９６－５ 第８山本ビル
モーリーファンタジー旭川西店,北海道旭川市緑町23-2161-3 イオン2階
１００満ボルトＷＡＯ旭川店,北海道旭川市西御料５条１－１－５ 
ＳＯＹＵ遊戯街ロマン通り旭川西店,北海道旭川市緑町２３－２１６１－３ イオン旭川西ショッピングセンター３階
MAXIM HERO,北海道札幌市北区北六条西6丁目 JR高架下
MEGAドン・キホーテ新川店,北海道札幌市北区新川2条7-3-20 
げーむぱーくぎゃらくしー,北海道札幌市白石区東札幌三条１丁目１－１ イーアス札幌２Ｆ
らんらんらんど東札幌店,北海道札幌市白石区東札幌３条２－１ ダイエー東札幌店2Ｆ
らんらんらんど麻生店,北海道札幌市北区北３９条西４－１－５ ダイエー麻生店4Ｆ
イオン札幌元町店,北海道札幌市東区北31条東15-1-1 
イオン札幌平岡店,北海道札幌市清田区平岡3条5丁目3-1 
イオン札幌苗穂店,北海道札幌市東区東苗穂2条3-1-1 
イオン札幌藻岩店,北海道札幌市南区川沿2条2-1-1 
イトーヨーカドー　アリオ内札幌店,北海道札幌市東区北７条東９－２－２０ 
イトーヨーカドーアリオ札幌キッズ・パーク,北海道札幌市東区北七条東９－２－２０ アリオ札幌３階
イトーヨーカドー屯田グルグル,北海道札幌市北区屯田8条3-5-1 
イトーヨーカドー屯田店,北海道札幌市北区屯田八条３－５－１ 
イトーヨーカドー琴似店,北海道札幌市西区琴似２条１－４－１ 
イトーヨーカドー福住店,北海道札幌市豊平区福住二条１－２－５ 
エブリデイFUNハウスアリオ札幌店,北海道札幌市東区北7条東9丁目2番20号 
キャッツアイビッグ東苗穂店,北海道札幌市東区東苗穂3条2丁目5-25 キャッツアイビッグ東苗穂店内
キャッツアイ新川店,北海道札幌市北区新川二条７丁目１－７ 
キャッツアイ新札幌店,北海道札幌市厚別区厚別東五条１丁目２９８－７ 
キャッツアイ清田店,北海道札幌市清田区清田一条一丁目２０－１ 
キャッツアイ篠路店,北海道札幌市北区篠路一条４丁目６－３０ 
ソユーゲームフィールド札幌発寒店,北海道札幌市西区発寒八条12-1-1 イオン札幌発寒SC内3F
タイトーステーション　イオン札幌平岡店,北海道札幌市清田区平岡三条５－２７６－１ イオン札幌平岡ショッピングセンター２Ｆ
ダイエー新さっぽろ店,北海道札幌市厚別区厚別中央２条５－７－１ 
ダイエー東札幌店,北海道札幌市白石区東札幌3条2-1 
ディノスパーク札幌手稲店,北海道札幌市手稲区前田1条11丁目 メルシャンプラースビル３階
ディノスパーク札幌白石,北海道札幌市白石区南郷通１丁目北８番１号 
ビックカメラ札幌店,北海道札幌市中央区北５条西２－１ 
ファンタジーキッズーナイーアス札幌店,北海道札幌市白石区東札幌三条1-1-1 マックスバリュ東札幌店2階
プラボ札幌,北海道札幌市中央区北5条西2丁目1番地1 エスタ9階
モーリーファンタジー手稲山口店,北海道札幌市手稲区明日風6丁目1番1号 イオンスーパーセンター1階
モーリーファンタジー札幌元町店,北海道札幌市東区北31条東15丁目1-1 イオン3階
モーリーファンタジー札幌平岡店,北海道札幌市清田区平岡3条5丁目3-1 イオン2階
モーリーファンタジー札幌桑園店,北海道札幌市中央区北8条西14丁目28番地 イオン2階
モーリーファンタジー札幌発寒店,北海道札幌市西区発寒8条12丁目1-1 イオン3階
モーリーファンタジー札幌苗穂店,北海道札幌市東区東苗穂2条3丁目1番1号 イオン2階
ヨドバシカメラマルチメディア札幌,北海道札幌市北区北6条西5-1-22 
西友厚別店,北海道札幌市厚別区厚別西４条６－７００－１２６ 
西友旭ヶ丘店,北海道札幌市中央区南八条西２５－２－１ 
ＳＯＹＵＰＨＹＳＩスポ苗穂店,北海道札幌市東区東苗穂二条３-１－１ イオン札幌苗穂ショッピングセンター1階
ｎａｍｃｏサッポロファクトリー店,北海道札幌市中央区北１条東４丁目１番地１ 札幌ファクトリー１条館
イオン江別店,北海道江別市幸町35 
モーリーファンタジー江別店,北海道江別市幸町35 イオン3階
ダイエー滝川店,北海道滝川市東町２－２５－３ 
パロ滝川,北海道滝川市東町２－２９－１ ダイエー滝川店内１階
イオン登別店,北海道登別市若山町4-33-1 
モーリーファンタジー登別店,北海道登別市若山町4-33-1 イオン3階
モーリーファンタジー石狩緑苑台店,北海道石狩市緑苑台中央1丁目2番 SuC1階
光速憧路,北海道稚内市港5-8-15 
パロ網走,北海道網走市駒場北５－８３ 
MEGAドン・キホーテ苫小牧店,北海道苫小牧市木場町１－６－１ 
イオン苫小牧店,北海道苫小牧市柳町3-1-20 
ディノスパーク苫小牧,北海道苫小牧市柳町３丁目１-２０ イオン苫小牧ショッピングセンター２階
トイザらス苫小牧店,北海道苫小牧市柳町４－５－３５ ホクレンショップ内
パロ苫小牧,北海道苫小牧市糸井１３５－１ トライアルＧ棟
モーリーファンタジー苫小牧店,北海道苫小牧市柳町3-1-20 イオン2階
イトーヨーカドー釧路店,北海道釧路市新橋大通６－２ 
タイトーステーションイオン釧路昭和店,北海道釧路市昭和中央4-18-1 イオン釧路ショピングセンター内2F
モーリーファンタジー釧路昭和店,北海道釧路市昭和中央4-18-1 イオン2階
らんらんらんど八雲店,北海道二海郡八雲町東雲町２０－５ グルメシティ八雲店1F
イオン静内店,北海道日高郡新ひだか町静内末広町2-2-1 
らんらんらんど中標津店,北海道標津郡中標津町南町3-10 東部サウスヒルズ1階
サウスヒルズ,北海道標津郡中標津町南町3-10 
トイザらス帯広音更店,北海道河東郡音更町木野大通西１７－１ スーパーオーケーセンター音更店内
イオン釧路店,北海道釧路郡釧路町桂木1-1-7 
モーリーファンタジー釧路店,北海道釧路郡釧路町桂木1-1-7 イオン2階
プラサカプコンつがる柏店,青森県つがる市柏稲盛幾世４１ イオン柏ショッピングセンターシネマ棟内１階
モーリーファンタジーつがる柏店,青森県つがる市柏稲盛幾世41-1 イオン1階
ハロータイトーむつ,青森県むつ市小川町２－４－８ 前田百貨店内４Ｆ
パロむつ,青森県むつ市中央２－７－８ 
らんらんらんど三沢店,青森県三沢市松園町3-10-1 ダイエーFCとうてつ三沢店1階
namcoエルムの街ショッピングセンター店,青森県五所川原市大字唐笠柳字藤巻517-1 エルムの街SC C棟2F
イトーヨーカドー五所川原店,青森県五所川原市大字唐笠柳字藤巻５１７－１ 
イトーヨーカドー八戸沼館店,青森県八戸市沼館４－７－１１１ 
ソピア八戸店,青森県八戸市沼館４－７－１１２ 八戸ピアドゥＢ棟２階
トイザらス八戸店,青森県八戸市沼館４－７－１１０ ピアドゥ内
ファンタジードーム八戸,青森県八戸市江陽２－１４－１ ラピア八戸別棟
モーリーファンタジー八戸田向店,青森県八戸市大字田向字毘沙門平27-1 
モーリーファンタジー十和田店,青森県十和田市大字相坂字六日町山166番1 SuC1階
モーリーファンタジー平賀店,青森県平川市小和森上松岡193-1 マックスバリュ1階
アイカツ!オフィシャルショプ さくら野百貨店,青森県弘前市城東北3丁目10-1 
イトーヨーカドー弘前店,青森県弘前市大字駅前３－２－１ 
インフィニ店,青森県弘前市城東北３－１０－１ さくら野弘前店４階
セガワールドアクティバ,青森県弘前市末広1-3-3 
プレイランドイオンタウン弘前樋の口店,青森県弘前市樋の口２－９－６ イオンタウン弘前樋の口店
イオン青森店,青森県青森市緑3-9-2 
イトーヨーカドー青森店,青森県青森市浜田１－１４－１ 
タイトーステーション青森アムゼ店,青森県青森市緑3-9-2 サンロード青森 アムゼ内
タイトーステーション青森ガーラモール店,青森県青森市三好2-3-19 マエダ西バイパス店2F
プレイランド青森店,青森県青森市浜田１－１４－１ イトーヨーカドー青森店２階
ラ・セラキッズ,青森県青森市八重田4―2―1 ラ・セラ東バイパス店
青森メトロポリス,青森県青森市三好1-15-8 
パロ黒石店,青森県黒石市富士見１０３番地３ アクロスプラザ黒石
イオン下田店,青森県上北郡おいらせ町中野平40-1 
ファンタジーワールドシーマーク下田店,青森県上北郡おいらせ町中野平40-1 イオンモール下田1階
モーリーファンタジー下田店,青森県上北郡おいらせ町中野平40-1 イオン2階
らんらんらんど鶴田店,青森県北津軽郡鶴田町大字鶴田字中泉２４５番地１ 鶴田フットリバーモール店1F
イオン藤崎店,青森県南津軽郡藤崎町西豊田１－７－１ 
モーリーファンタジー藤崎店,青森県南津軽郡藤崎町大字西豊田1-7-1 イオン2階
モーリーファンタジースーパーセンター一関店,岩手県一関市狐禅寺字石ノ瀬11番1 イオンスーパーセンター1階
モーリーファンタジー一関店,岩手県一関市山目字泥田89-1 イオン2階
ニコアプレイランド,岩手県二戸市米沢荒谷２５ ニコアショッピングセンター内
アミューズメントゾーン北上店,岩手県北上市本通り２丁目２－１ さくら野北上４階
アメリカンパラダイス北上店,岩手県北上市北鬼柳３２－４４ 
イオン江釣子店,岩手県北上市北鬼柳19-68 
ゲームコーナーさんさんらんど大船渡店,岩手県大船渡市盛町町１０―１１ 協同組合南三陸ショッピングセンター１階
イオンスーパーセンター水沢桜屋敷店,岩手県奥州市水沢区字桜屋敷西28-10 
サンキング,岩手県奥州市水沢区横町2-1 メイプル4階 
セガワールド水沢,岩手県奥州市水沢区佐倉河字鐙田4-1 
モーリーファンタジー前沢店,岩手県奥州市前沢区向田2丁目85 イオン2階
DORAキッズ,岩手県宮古市小山田2丁目2-1 マリンコープDORA2階
アミューズメントスペースBAGIBAGI,岩手県宮古市新川町3-17 
カバロ宮古店,岩手県宮古市栄町3-35 キャトル宮古4階 キッズキャトル内
らんらんらんど盛岡南店,岩手県盛岡市津志田西2-17-50 盛岡南ショッピングセンターサンサ店1階
イオン盛岡南店,岩手県盛岡市本宮7-1-1 
イオン盛岡店,岩手県盛岡市前潟4-7-1 
ソユーゲームフィールド盛岡南店,岩手県盛岡市本宮7-1-1 イオンモール盛岡南1F
タイトーステーション盛岡マッハランド店,岩手県盛岡市上堂1-2-38 
プラサカプコン盛岡店,岩手県盛岡市上厨川前潟４－７－１ イオンモール盛岡店内
モーリーファンタジー盛岡南店,岩手県盛岡市本宮７－１－１ イオン3階
モーリーファンタジー盛岡店,岩手県盛岡市前潟4-7-1 イオン2階
モーリーファンタジー盛岡渋民店,岩手県盛岡市玉山区渋民字鶴飼20番地-1 SuC1階
イトーヨーカドー花巻店,岩手県花巻市下小舟渡１１８－１ 
ソユーファミリーゲームフィールド花巻店,岩手県花巻市高木第１６地割６８－６ 銀河モール花巻内
モーリーファンタジー遠野店,岩手県遠野市新穀町1-11 とぴあ2階
イオンスーパーセンタ釜石店,岩手県釜石市港町2-51-41 
サンパルクゲームコーナー,岩手県釜石市上中島町2-7-36 釜石共栄サンパルク2階
ソユーゲームフィールド釜石店,岩手県釜石市港町二丁目1-1 イオンタウン釜石内3階
アミューズメントパークアルコ,岩手県紫波郡矢巾町南矢幅７－４２５－３ ショッピングモールアルコ内
GAMEBANK仙台泉,宮城県仙台市泉区大沢2-5-4 
namcoヨークタウン市名坂店,宮城県仙台市泉区市名坂字中道100-9 
こころっこ仙台泉,宮城県仙台市泉区高玉町9-2 西友仙台泉店1F 
イオンスーパーセンター鈎取店,宮城県仙台市太白区鈎取本町１－２１－１ 
イオン仙台中山店,宮城県仙台市泉区南中山1-35-40 
イトーヨーカドーアリオ内 仙台泉店,宮城県仙台市泉区泉中央1-5-1 
イトーヨーカドー仙台泉店ナムコランド,宮城県仙台市泉区泉中央一丁目五番地 イトーヨーカドー仙台泉店内
ゲームコーナー東部,宮城県仙台市若林区六丁の目中町26-60 斎喜東部ビル2階
ザ・モール仙台長町キッズパーク,宮城県仙台市太白区長町７－２０－３ 
スイーツ・ハート仙台泉店,宮城県仙台市泉区大沢1丁目5-1 イオン泉大沢ショッピングセンター2F
セガ仙台コロナワールド,宮城県仙台市宮城野区福室字田中前一番53-1 
タイトーステーション仙台名掛丁店,宮城県仙台市青葉区中央1-7-13 
トイザらス仙台泉大沢店,宮城県仙台市泉区大沢1-5-1 
ビーカム仙台泉店,宮城県仙台市泉区市名坂字鹿島１５３番 
ビーカム愛子店,宮城県仙台市青葉区栗生７－１－１ 
ビーカム松森店,宮城県仙台市泉区松森斎兵衛５８－１ 
モーリーファンタジー仙台中山店,宮城県仙台市泉区南中山1-35-40 イオン3階
ヨドバシカメラマルチメディア仙台,宮城県仙台市宮城野区榴岡１－２－１３ 
仙台レジャーランド一番町店,宮城県仙台市青葉区一番町4-3-27 ガレリア一番町ビル
西友仙台泉店,宮城県仙台市泉区高玉町９－２ 
西友仙台長町店,宮城県仙台市太白区長町７－２０－３ 
こころっこ名取店,宮城県名取市愛島塩手字前野田４８-１０ スーパーセンタームサシ名取２階プレビプレイランドコーナー
セガワールドセッツウイングス,宮城県名取市飯野坂土城堀57-1 
ナムコランドベース765,宮城県名取市杜せきのした5-3-1 イオンモール名取
モーリーファンタジー新名取店,宮城県名取市せきのした5丁目3番地の1 
モーリーファンタジー塩釜店,宮城県塩釜市海岸通15番100号 マックスバリュ2階
モーリーファンタジー多賀城店,宮城県多賀城市町前4-1-1 イオン3階
あひるのたまご古川福浦店,宮城県大崎市古川福浦3-11-40 プレビプレイランドコーナー
イオン古川店,宮城県大崎市古川旭2-2-1 
セガワールド古川,宮城県大崎市古川城西15 
モーリーファンタジー古川店,宮城県大崎市古川旭二丁目2-1 イオン2階
トイザらス石巻矢本店,宮城県東松島市小松字上浮足４３ ロックタウン矢本内
モーリーファンタジー栗原志波姫店,宮城県栗原市志波姫新熊谷11番 SuC1階
イオン気仙沼店,宮城県気仙沼市赤岩舘下6-1外 
モーリーファンタジー気仙沼店,宮城県気仙沼市字赤岩舘下6-1外 イオン2階
イオンスーパーセンター佐沼店,宮城県登米市南方町新島前４６－１ 
プラサカプコンロックシティ佐沼店,宮城県登米市南方町新島前４６－１ ロックシティ佐沼１階
イトーヨーカドー石巻あけぼの店,宮城県石巻市あけぼの１－１－２ 
セガワールド石巻,宮城県石巻市大街道4丁目1番45号 
プラサカプコン石巻店,宮城県石巻市蛇田新金沼１７０ イオン石巻ショッピングセンター２階
モーリーファンタジー石巻店,宮城県石巻市蛇田字新金沼170番地 イオン2階
モーリーファンタジー石巻東店,宮城県石巻市流留字七勺1番1 イオンスーパーセンター1階
イオンスーパーセンター加美店,宮城県加美郡加美町字赤塚１７８ 
モーリーファンタジー加美店,宮城県加美郡加美町字赤塚178番地 SuC1階
イオン利府店,宮城県宮城郡利府町利府字新屋田前22 
モーリーファンタジー利府店,宮城県宮城郡利府町字新屋田前22 イオン2階
ｎａｍｃｏイオン利府店,宮城県宮城郡利府町利府字新屋田前２２ イオン利府ＳＣ２階
あそびの広場 新宝島 船岡店,宮城県柴田郡柴田町西船迫2-1-15 イオン船岡店2階
モーリーファンタジー涌谷店,宮城県遠田郡涌谷町字洞ヶ崎5番地 SuC1階
イオン富谷店,宮城県黒川郡富谷町大清水1-33-1 
モーリーファンタジー富谷店,宮城県黒川郡富谷町大清水1ー33-1 イオン1階
ヨークベニマル大和吉岡店プレビプレイランド,宮城県黒川郡大和町吉岡東１－２－１ ＹＢ大和吉岡店内プレビプレイランドコーナー
創遊 ほのぼの横丁富谷店,宮城県黒川郡富谷町富谷大清水上３３街区１番地 イオン富谷ＳＣ２階
イオン大曲店,秋田県大仙市和合字坪立177 
プラサカプコン大曲店,秋田県大仙市和合坪立１７７ イオン大曲ショッピングセンター２階
モーリーファンタジー中仙店,秋田県大仙市北長野字袴田188 イオン2階
モーリーファンタジー大曲店,秋田県大仙市和合字坪立177番地 イオン2階
namcoイオンタウン大館西店,秋田県大館市根下戸新町18-121 イオンショッピングタウン大館西内
メルヘンランド大館店,秋田県大館市御成町三丁目７－５８ いとく大館ショッピングセンター３階
モーリーファンタジー大館店,秋田県大館市大田面238 SuC1階
イオンスーパーセンター横手南店,秋田県横手市大字婦気大堤字中田４－１ 
ソピアラッキー十文字店,秋田県横手市十文字町仁井田東２２－１ スーパーモールラッキー内
モーリーファンタジー横手南店,秋田県横手市大字婦気大堤字中田4-1 
モーリーファンタジー横手店,秋田県横手市安田字向田147 イオン2階
イオンスーパーセンター湯沢店,秋田県湯沢市字上荻生田１６２ 
リスチャイルド湯沢店,秋田県湯沢市上荻生田１６２ イオンスーパーセンター湯沢店内
イオンスーパーセンター本荘店,秋田県由利本荘市石脇字田中１３８ 
リスチャイルド本荘店,秋田県由利本荘市石脇田中１３８ イオンスーパーセンター本荘店内
イオン土崎港店,秋田県秋田市土崎港南2-3-41 
ソピア御所野店,秋田県秋田市御所野地蔵田１－１－１ イオンモール秋田２階
ファンタジープラザ秋田,秋田県秋田市旭北錦町４－５８ ＭＥＧＡドン・キホーテ秋田店２階
プラボ秋田店,秋田県秋田市土崎港北七丁目２番２９号 
モーリーファンタジー秋田中央店,秋田県秋田市楢山川口境5-11 イオン3階
モーリーファンタジー能代店,秋田県能代市柳町11-1 イオン3階
ソユープレイランドソピアいとくアクロス能代店,秋田県能代市寺向70 いとくアクロス能代店内
ソユープレイランドソピアいとく鹿角店,秋田県鹿角市花輪下夕町１６４－１ いとく鹿角ショッピングセンター内
イオンスーパーセンター五城目店,秋田県南秋田郡五城目町大川西野字田屋前１３８ 
ＡＮ．ＫＩＮ．ＴＡＮ．五城目店,秋田県南秋田郡五城目町大川西野田屋前１３８ イオン五城目店内１階
にこにこらんどヤマザワ店,山形県南陽市郡山塚田578 ヤマザワ南陽ショッピングプラザ内 
イオン天童店,山形県天童市芳賀土地区画整理事業地内34街区 
スーパーノバ天童店,山形県天童市南町１―５―２６ 
ソユーゲームフィールド天童店,山形県天童市芳賀土地区画整理事業地内34街区 イオンモール天童2階
モーリーファンタジー天童店,山形県天童市芳賀 土地区画整理事業地内 イオン天童店2階
セガワールド北山形,山形県山形市北町1-3-20 
トイザらス山形店,山形県山形市若宮３－７－８ イオン山形南ショッピングセンタ－１Ｆ
ナムコランドイオン山形南店,山形県山形市若宮三丁目７－８ イオン山形南ＳＣ２Ｆ
パルケデアミーゴ店,山形県山形市島北１丁目３番１号 
ビーカム成沢店,山形県山形市成沢西５－３－２７ 
モーリーファンタジー山形北店,山形県山形市馬見ケ崎2-12-19 イオン2階
モーリーファンタジー山形南店,山形県山形市若宮3-7-8 イオン2階
わくわくランド新庄店,山形県新庄市金沢字大道上2033番の4 ヤマザワ新庄店内
プレビジョイカム新庄店,山形県新庄市金沢字吉袋８５３－３ ヨークタウンアクロスプラザ新庄内
イオン東根店,山形県東根市さくらんぼ駅前3-7-15 
モーリーファンタジー東根店,山形県東根市さくらんぼ駅前3-7-15 イオン2階
イオン米沢店,山形県米沢市春日2-13-4 
セガワールド米沢,山形県米沢市大字花沢字タナコ原177 
プレビプレイランドコーナー米沢店,山形県米沢市駅前3-1-18 ヨークベニマル米沢店内1階プレビプレイランド
モーリーファンタジー米沢店,山形県米沢市春日2-13-4 イオン2階
マリーン5清水屋,山形県酒田市中町 2-5-1 
モーリーファンタジー酒田南店,山形県酒田市あきほ町120-1 イオン1階
ヨークベニマル長井店内プレビプレイランドコーナー,山形県長井市本町2-4-37 ヨ-クベニマル長井店内2階プレビプレイランド
アピナ鶴岡店,山形県鶴岡市文下字広野1-1 
ナムコランドＳ－ＭＡＬＬ店,山形県鶴岡市錦町２－２１ Ｓ－ＭＡＬＬ２階
わくわくランド中山店,山形県東村山郡中山町長崎新町3030-1 ヤマザワ中山店内
SOYU Game Field三川店,山形県東田川郡三川町猪子和田庫128-1 イオン三川ショッピングセンター1階
モーリーファンタジー三川店,山形県東田川郡三川町大字猪子字和田庫128-1 イオン2階
ＡＧスクエア庄内店,山形県東田川郡三川町猪子大堰端３２６－６ 
MEGAドン・キホーテラパークいわき店,福島県いわき市中央台飯野４－１ 
ちびっこザウルス,福島県いわき市小名浜大原東田９６ フジコシスーパーセンター大原店１階
イトーヨーカドー平店,福島県いわき市平６－６－２ 
セガワールド勿来,福島県いわき市勿来町四沢鍵田13 
セガ小名浜,福島県いわき市小名浜林城字塚前18-1 
トイザらスいわき店,福島県いわき市平谷川瀬字双藤町５３－１ 
ドリームファクトリーいわき店,福島県いわき市中央台飯野4-1 
ハロータイトーイオンいわき店,福島県いわき市平字三倉６８－１ イオンいわき店３階
モーリーファンタジーいわき店,福島県いわき市平字三倉68-1 イオン3階
ヨークベニマル泉店内プレビプレイランド店,福島県いわき市泉町滝尻折返５７ ヨークベニマル泉店１階プレビプレイランド
鹿島エブリアプレビプレイランド,福島県いわき市鹿島町米田日渡5 鹿島エブリア店2階プレビプレイランド
イトーヨーカドー平店内プレビプレイランド店,福島県いわき市平６－６－２ イトーヨーカドー平店内４階プレビプレイランド
G3フェニックス二本松店,福島県二本松市槻木110-2 
アピタ会津若松店,福島県会津若松市神指町南四合幕内南１５４ 
スウィーツファクトリーパックン会津若松店,福島県会津若松市神指町南四合１５４ アピタ会津若松店２階
スーパーノバ会津インター店,福島県会津若松市町北町上荒久田宮下１４２ 
イオンスーパーセンター南相馬店,福島県南相馬市原町区大木戸金場７７ 
南相馬ジャスモールファンタジー,福島県南相馬市原町区大木戸金場77 
パロ喜多方店,福島県喜多方市字押切南２丁目４２－１1F 
G3ポロス船引店,福島県田村市船引町船引川代１０５ 
ビバ・サーカス船引店,福島県田村市船引町字船引原田14 船引パーク内ゲームコーナー
セガワールド白河,福島県白河市新高山1-1 メガステージ白河内
ファミリーランド 白河モール店,福島県白河市老久保28 ベイシア 白河モール店内 ファミリーランド
モーリーファンタジー相馬店,福島県相馬市馬場野字雨田51 イオン2階
イオン福島店,福島県福島市南矢野目字西荒田50-17 
イトーヨーカドー福島店,福島県福島市太田町１３－４ 
ザ・サードプラネットピボット福島店,福島県福島市栄町１－１ パワーシティピボット内
スーパーノバ福島店,福島県福島市黒岩中島７－２ 
セガワールド福島,福島県福島市本内中井6-1 
トイザらス福島店,福島県福島市森合字清水７ コープマートいずみ２Ｆ
ドリームファクトリー南福島店,福島県福島市黒岩中沖４３－２ 
ハロータイトーイオン福島店,福島県福島市南矢野目字西荒田５０－１７ 福島イオン３Ｆ
モーリーファンタジー福島店,福島県福島市南矢野目字西荒田50番地の17 イオン3階
G3ポロス安積店,福島県郡山市安積3-160 
namco郡山西部プラザ店,福島県郡山市西ノ内2丁目11-35 西部プラザ内
イトーヨーカドー郡山店,福島県郡山市西ノ内２－１１－４０ 
ゲームプラザAGS,福島県郡山市西ノ内2-11-40 イトーヨーカドー郡山店4階
セガワールド日和田,福島県郡山市日和田町字西中島7-1 
トイザらス郡山店,福島県郡山市松木町２－８８ イオンタウン郡山内
モーリーファンタジー郡山フェスタ店,福島県郡山市日和田町字小原1 イオン1階
ヨドバシカメラマルチメディア郡山,福島県郡山市駅前１－１６－７ 
西友ザ・モール 郡山店,福島県郡山市長者１－１－５６ 
ｎａｍｃｏイオンタウン郡山店,福島県郡山市松木町２－８８ イオンタウン郡山
ソユーエンターテイメントスタジオ須賀川店,福島県須賀川市古河１０５番 ロックタウン須賀川Ｂ棟内
イオンスーパーセンター鏡石店,福島県岩瀬郡鏡石町桜岡３７５－９ 
モーリーファンタジー鏡石店,福島県岩瀬郡鏡石町桜岡375-9 SuC1階
あひるのたまご猪苗代店,福島県耶麻郡猪苗代町梨木西９２ ヨークベニマル猪苗代店プレビプレイランド
イオン白河西郷店,福島県西白河郡西郷村大字小田倉字岩下11-1 
モーリーファンタジー白河西郷店,福島県西白河郡西郷村大字小田倉字岩下11-1 イオン2階
ピンクパンサーつくばみらい店,茨城県つくばみらい市小張３０９５ 
namcoイオンモールつくば店,茨城県つくば市稲岡66-1 イオンモールつくば店3F 
ゲームグースつくば店,茨城県つくば市小野崎千駄苅278-1 ＬＡＬＡガーデン２Ｆ
トイザらス・ベビーザらスつくば店,茨城県つくば市研究学園Ｃ５０街区１ イーアスつくば３Ｆ
ナムコランドイーアスつくば店,茨城県つくば市研究学園Ｃ－５０街区１ ｉｉａｓつくば店２Ｆ　２１９０
モーリーファンタジーつくば店,茨城県つくば市稲岡66-1 イオン3階
MEGAドン・キホーテ勝田店,茨城県ひたちなか市石川町１－１ 
ぷれいらんど３７３勝田店,茨城県ひたちなか市石川町１－１ 長崎屋勝田店２階
イオン下妻店,茨城県下妻市堀篭972-1 
ゲームグース下妻店,茨城県下妻市堀篭９７２－１ イオンモール下妻店２階
モーリーファンタジー下妻店,茨城県下妻市堀籠972-1 イオン2階
ゲームグースジャスコ取手店,茨城県取手市戸頭１１１８－１ イオン取手店３階
リトルジャム取手店,茨城県取手市東4-5-1 ミスターマックス取手店内
イトーヨーカドー古河店,茨城県古河市雷電町１－１８ 
ゲームパドック・プラスワン古河店,茨城県古河市小堤１９１６－１ 
プレビプレイランド　ジャンボリー古河店,茨城県古河市雷電町１－１８ イトーヨーカドー古河店２階プレビプレイランド
モーリーファンタジー古河2F店,茨城県古河市旭町1-2-17 イオン2階
ＦＥＳＴＡ古河店,茨城県古河市松並２－１８－１０ マーケットシティ古河店内
イオン土浦店,茨城県土浦市上高津367 
ゲームパニックつくば,茨城県土浦市中村東１－１－１0298-43-8295 
モーリーファンタジー土浦店,茨城県土浦市上高津367番 イオン3階
ソユートイズニューヨーク守谷,茨城県守谷市百合ケ丘３―２４９―１ ロックシティ守谷ＳＣ２階
ファンタジーランドガルー守谷店,茨城県守谷市久保ケ丘２－１－１ アピタ守谷店１階
アピタ石下店,茨城県常総市本石下字松並４４２１－１ 
イオン常陸大宮店,茨城県常陸大宮市下村田2387 
プレビジョイカム常陸太田店,茨城県常陸太田市塙町西鯉沼２９４８ 
こころっこ日立,茨城県日立市幸町1-16-1 イトーヨーカドー日立店5階プレビプレイランド
こころっこ日立城南店,茨城県日立市城南町３－４－３ ゼビオ日立城南店内プレビプレイランドコーナー
イトーヨーカドー日立店,茨城県日立市幸町１－１６－１ 
セガワールド日立,茨城県日立市田尻町3-26-1 
ピンクパンサー日立店,茨城県日立市東多賀町５－１０－１０ 
イオン水戸内原店,茨城県水戸市中原町字西135 
トイザらス水戸店,茨城県水戸市河和田町３６３７－１ 
ビックカメラ水戸駅店,茨城県水戸市宮町１－７－３１ エクセルみなみ４Ｆ・５Ｆ
ピンクパンサー水戸けやき台店,茨城県水戸市酒門町３２７６－１ 
ファンタジープラザ上水戸,茨城県水戸市上水戸２－９－１０ ＭＥＧＡドン・キホーテ上水戸２階
フェドラP&D;水戸,茨城県水戸市千波町2017-1 
モーリーファンタジー水戸内原店,茨城県水戸市中原町字西135番地 イオン3階
ユーズランド水戸内原店,茨城県水戸市内原町西135 イオンモール水戸内原店2階
プレビプレイランド牛堀ＳＣ店,茨城県潮来市永山沼田７７７ 牛堀ショッピングセンター店内 プレビプレイランドコーナージャンボリー
潮来ＳＣプレビプレイランド店,茨城県潮来市潮来前６０６５ プレビプレイランドコーナー
西友ひたち野うしく店,茨城県牛久市ひたち野東１－２３－１ 
スイーツハート石岡店,茨城県石岡市大字石岡2752-2 
ＡＧスクエア石岡店,茨城県石岡市東大橋中峯１９７６－１ 
ファミリーランド 神栖店,茨城県神栖市大野原4-8-67 
こころっこ新利根SC店,茨城県稲敷市角崎1678番地 新利根ショッピングセンター内
アピタ佐原東店,茨城県稲敷市西代字東田１４８０ 
ハローズガーデン江戸崎店,茨城県稲敷市江戸崎甲４８３６番地 パンプ江戸崎ショッピングセンター１階
モーリーファンタジー佐原東店,茨城県稲敷市西代1495 パルナ2階
イオン笠間店,茨城県笠間市赤坂8 
ジャングルパーク　笠間店,茨城県笠間市赤坂8 笠間SCポレポレシティ1F
ピンクパンサー友部店,茨城県笠間市住吉１３６４－１ 伊勢甚友部スクエア
アピナ下館店,茨城県筑西市玉戸１０１２－３ 
らんらんらんど行方店,茨城県行方市麻生３２８８番－５０ セイミヤモール麻生店1Ｆ
ファミリーランド あそびのくに玉造店,茨城県行方市玉造甲642-1 
アミューズメントスペースＴＡＣＴＷＯＲＬＤ,茨城県那珂市菅谷１６１８－２ サンモリノ那珂内
サティ高萩店内プレビプレイランド,茨城県高萩市安良川２３１ 
ベイシア高萩モール店,茨城県高萩市下手綱手ヤワコ田1058 
イオン鹿嶋店,茨城県鹿嶋市宮中２９０－１ 
宝島鹿嶋店,茨城県鹿嶋市宮中290-1 ショッピングセンターチェリオ1階
イトーヨーカドー竜ヶ崎店,茨城県龍ヶ崎市小柴5-1-2 
ジョイプラザ龍ヶ崎店,茨城県龍ヶ崎市小通幸谷町２８８番地 
セガワールド龍ヶ崎,茨城県龍ヶ崎市藤が丘4-2-8 
トイザらス龍ヶ崎店,茨城県龍ヶ崎市小柴1-7 
ハローズガーデン竜ヶ崎店,茨城県龍ヶ崎市小柴5-1-2 ショッピングセンターサプラ2階
イオンタウン水戸南店,茨城県東茨城郡茨城町長岡3480-101 
タイトーFステーションロックシティ水戸南店,茨城県東茨城郡茨城町長岡3480-101 ロックシティ水戸南ショッピングセンター
イオン東海店,茨城県那珂郡東海村舟石川駅東4-1-1 
モーリーファンタジー東海店,茨城県那珂郡東海村舟石川駅東四丁目1番1号 イオン2階
ザ・ビッグエクストラさくら店,栃木県さくら市櫻野1551 
モーリーファンタジーさくら店,栃木県さくら市桜野1555-1 ザ・ビッグエクストラ1階
パロ石橋,栃木県下野市下古山３３６２－１ ヨークタウン石橋内
ゲームパニック佐野,栃木県佐野市高萩町52 フェドラP&D; 1階
タイトーステーション佐野新都市店,栃木県佐野市高萩町1324-1 イオンモール佐野新都市専門街2階
トイザらス佐野店,栃木県佐野市高萩町１３２４－１ イオン佐野新都市ショッピングセンター２Ｆ
モーリーファンタジー佐野新都市店,栃木県佐野市高萩町1324-1 イオン2階
KOGUMA Hobby 上三川店,栃木県宇都宮市インターパーク6-1-1 
KOGUMA Hobby 宇都宮店,栃木県宇都宮市今泉町237 
てくもぴあ ゆうらく工房 インターパークビレッジ店,栃木県宇都宮市インターパーク4-1-3 インターパークショッピングビレッジ
らんらんらんど宇都宮店,栃木県宇都宮市睦町5-5 スーパーセンタートライアル宇都宮店1階
アピタ宇都宮店,栃木県宇都宮市江曽島本町２２－７ 
イトーヨーカドー宇都宮店,栃木県宇都宮市陽東６－２－１ 
インターパークプラスワン宇都宮店,栃木県宇都宮市インターパーク６丁目５－１ 
ゲームモアイ宇都宮店,栃木県宇都宮市川田町1001-1 アミューズメントモール ソーレ21 2F
セガワールド宇都宮,栃木県宇都宮市東宿郷5-1-7 
タイトーステーション宇都宮ベルモール店,栃木県宇都宮市陽東６丁目２－１ ベルモール内２Ｆ
テクモピアパルテロン宇都宮店,栃木県宇都宮市今泉町２３７番地 福田屋ショッピングプラザ宇都宮店２階
テクモピアロックダムインターパーク店,栃木県宇都宮市インターパーク6-1-1 FKDショッピングモールインターパーク店2階
ファンタジーランドガルー宇都宮店,栃木県宇都宮市江曽島本町２２－７ アピタ宇都宮店２階
プラボ宇都宮店,栃木県宇都宮市簗瀬町１６０６番地１ Ｐ＆Ｄビル
ヨドバシカメラマルチメディア宇都宮,栃木県宇都宮市駅前通り１－４－６ 宇都宮西口ビル８Ｆ
ヨークベニマル御幸ケ原店内プレビプレイランド,栃木県宇都宮市御幸ケ原町50-1 ヨークベルニマル御幸ケ原店プレイランド
KOKADO TOWN小山店,栃木県小山市中久喜1467-1 イオン小山2F
あぐり～ず小山店,栃木県小山市中央町３－７－１ ロブレ５Ｆ
こころっこ小山店,栃木県小山市駅東通り２－３－１５ イトーヨーカドー小山２階プレイランド
アピナ小山店,栃木県小山市駅南町4-27-18 
イトーヨーカドー小山店,栃木県小山市駅東通り２－３－１５ 
タイトーFステーション小山店,栃木県小山市喜沢1475 ハーヴェストウォーク内スポーツシネマ棟
トイザらス小山店,栃木県小山市神山２－９－３３ 
モーリーファンタジー小山店,栃木県小山市中久喜1467-1 イオン2階
イオン今市店,栃木県日光市豊田79-1 
セガワールド今市,栃木県日光市芹沼1448-1 
モーリーファンタジー今市店,栃木県日光市豊田字若林79-1 イオン2階
モーリーファンタジー栃木店,栃木県栃木市箱森町37番9号 イオン2階
ザ・ビッグエクストラ真岡店,栃木県真岡市台町2668 
モーリーファンタジー真岡店,栃木県真岡市台町2668 ザ・ビッグエクストラ1階
ベイシア矢板店,栃木県矢板市末広町25-1 
らんらんらんど足利店,栃木県足利市朝倉２－２１－１６ ヨークタウン足利店1Ｆ
アピタ足利店,栃木県足利市朝倉町２４５－１ 
ドラマ足利店,栃木県足利市朝倉町244-1 
ファンファン足利店,栃木県足利市朝倉町245 コムファースト4F
栃木レジャーランド足利店,栃木県足利市八幡町620-1 コンフォモール足利スポーツ棟
MEGAドン・キホーテ黒磯店,栃木県那須塩原市材木町３－５ 
ザ・ビッグエクストラ那須塩原店,栃木県那須塩原市島方455 
セガワールドクロノス,栃木県那須塩原市南郷屋2-106-27 
モーリーファンタジー那須塩原店,栃木県那須塩原市島方455 イオンタウン1階
テクモピア鹿沼店,栃木県鹿沼市東末広町1073 福田屋百貨店鹿沼店3階
ドリームファクトリーアロハ店,栃木県鹿沼市睦町川西城下２８７－１ 
ファンファン那須店,栃木県那須郡那須町高久甲愛宕前484-1 イオンタウン那須内
アピタ笠懸店,群馬県みどり市笠懸町阿左美１２８５－１ 
ハローズガーデン笠懸店,群馬県みどり市笠懸町阿佐美1285-1 
宝島大間々店,群馬県みどり市大間々町大間々40 さくらもーる2階
MrMax伊勢崎店,群馬県伊勢崎市宮子町３５５６‐１ 
イトーヨーカドー伊勢崎店,群馬県伊勢崎市連取町１５０７ 
トイザらス・ベビーザらス伊勢崎店,群馬県伊勢崎市連取町3025-2 
ハローズガーデン伊勢崎東店,群馬県伊勢崎市三室町5330 
ファミリーランド あそびのくに 西部モール店,群馬県伊勢崎市宮子町3423-15 
プレビ劇場ＩＳＥＳＡＫＩ,群馬県伊勢崎市西小保方町３４６-３ スマーク伊勢崎店内３階プレビ劇場ＩＳＥＳ
モーリーファンタジーミスターマックス伊勢崎店,群馬県伊勢崎市宮子町3556-1 ミスターマックス1階
群馬レジャーランド伊勢崎店,群馬県伊勢崎市連取町3066-1 
namcoけやきウォーク前橋店,群馬県前橋市文京町２－１－１ けやきウォーク２階
あそびの広場SORA島 前橋店,群馬県前橋市国領町2-14-1 前橋リリカ2F
らんらんらんどガーデン前橋店,群馬県前橋市小屋原町472-1 
アピタ前橋店,群馬県前橋市文京町２－１－１ けやきウォーク前橋ＳＣ
トイザらス前橋店,群馬県前橋市鳥羽町１６４－１ 
ハローズガーデン前橋店,群馬県前橋市文京町2-1-1 けやきウォーク前橋店2階
こころっこ新田プレビプレイランド,群馬県太田市新田市野井町５９２－１３ ニコモール新田店内１階プレイランド
アピナ太田店,群馬県太田市内ケ島町９０７－１ 
イオン太田店,群馬県太田市石原町81 
トイザらス太田店,群馬県太田市飯塚町１９３３－２ 
モーリーファンタジー太田店,群馬県太田市石原町81番地 イオン2階
ユーズランド太田店,群馬県太田市石原町81番地 イオン太田モール2階
群馬レジャーランド太田店,群馬県太田市西矢島町162番地2 
MEGAドン・キホーテ桐生店,群馬県桐生市永楽町５－１０ 
セガワールド沼田,群馬県沼田市下久屋町1100-1 
ファミリーランド あそびのくに 渋川店,群馬県渋川市行幸田字砂田296 
イトーヨーカドー藤岡店,群馬県藤岡市藤岡８３１ 
ハローズガーデン藤岡店,群馬県藤岡市藤岡　416-4 ピアゴ藤岡店２階
プレビジャンボリー藤岡店,群馬県藤岡市藤岡８３１ イトーヨーカドー藤岡店内 プレビプレイランドコーナージャンボリー
群馬レジャーランド藤岡,群馬県藤岡市中２００２－１ＰＩＴ１００　２階 
アピタ館林店,群馬県館林市楠町３６４８－１ 
セガワールド館林,群馬県館林市小桑原町大道西949-1 
ファンタジーランドガルー館林店,群馬県館林市楠町３６４８－１ アピタ館林店２階
MrMax倉賀野店,群馬県高崎市倉賀野町４６９１‐１ ＭｒＭａｘ倉賀野ショッピングセンター
らんらんらんど倉賀野店,群馬県高崎市倉賀野町4691-1 ミスターマックス倉賀野店
アピタ高崎店,群馬県高崎市矢中町６６８－１ 
イオン高崎店,群馬県高崎市棟高町1400 
ナムコランドアカマル店,群馬県高崎市中尾町字鳥羽前44-1 赤まる市場内
フェドラ高崎店,群馬県高崎市緑町1-29-4 フェドラP&D1F;
モーリーファンタジー高崎店,群馬県高崎市棟高町1400番地 イオン3階
ユーズランド高崎店,群馬県高崎市棟高町1400 イオンモール高崎店2階
群馬レジャーランド高崎駅東口店,群馬県高崎市江木町333-1 アークコミュニティータウン2階
MEGAドン・キホーテ浦和原山店,埼玉県さいたま市緑区原山４－３－３ 
あひるのたまご岩槻店,埼玉県さいたま市岩槻区本丸3-20-53 マミーマート岩槻店内
ぷれいらんど373浦和店,埼玉県さいたま市緑区原山4-3-3 MEGAドンキホーテ浦和原山店2階
らんらんらんど東大宮店,埼玉県さいたま市見沼区春野2-8 パトリア東大宮店3階
アピタ岩槻店,埼玉県さいたま市岩槻区大字大口８００ 
アミュージアム北浦和店,埼玉県さいたま市浦和区常盤10-20-29 北浦和イオン3F
イオン与野店,埼玉県さいたま市中央区本町西5-2-9 3F
イオン大宮店,埼玉県さいたま市北区櫛引町2-574-1 
イトーヨーカドー大宮宮原店,埼玉県さいたま市北区宮原町１－８５４－１ 
イトーヨーカドー浦和店,埼玉県さいたま市浦和区仲町１－７－１ 
ウェアハウス三橋店,埼玉県さいたま市西区三橋６－９５５－１ 
ジョーシン浦和美園店,埼玉県さいたま市緑区大字大門３７１０ イオン浦和美園ショッピングセンタ－１Ｆ
セガスタジアムイオン与野,埼玉県さいたま市中央区本町西5-2-9 イオン与野ショッピングセンター3F
タイトーステーション大宮店,埼玉県さいたま市大宮区大門町一丁目1番地 
トイザらス岩槻店,埼玉県さいたま市岩槻区城町２－６－２８ 
ナムコランドさいたまステラタウン,埼玉県さいたま市北区宮原町一丁目８５４－１ ステラモール３Ｆ
ビックカメラ大宮西口そごう店,埼玉県さいたま市大宮区桜木町１－８－４ そごうパーキング館
ファンタジーランドガルー岩槻店,埼玉県さいたま市岩槻区大口８００ アピタ岩槻店３階
モーリーファンタジー与野店,埼玉県さいたま市中央区本町西5-2-9 イオン3階
モーリーファンタジー大宮店,埼玉県さいたま市北区櫛引町2-574-1 イオン3階
モーリーファンタジー大宮西店,埼玉県さいたま市西区三橋6-607-13 イオン4階
モーリーファンタジー浦和美園店,埼玉県さいたま市緑区大門3710 イオン3階
西友東大宮店,埼玉県さいたま市見沼区東大宮５－４４－２ 
イオン大井店,埼玉県ふじみ野市ふじみ野1-2-1 
イトーヨーカドー上福岡東店,埼玉県ふじみ野市大原２－１－３０ 
イトーヨーカドー埼玉大井店,埼玉県ふじみ野市西鶴ヶ岡１－３－１５ ビバモ－ル埼玉大井内
パロ埼玉大井,埼玉県ふじみ野市西鶴ケ岡１－３－１５ ビバホーム埼玉大井ＳＣ２階
モーリーファンタジー大井店,埼玉県ふじみ野市ふじみ野1-2-1 イオン3階
イトーヨーカドー三郷店,埼玉県三郷市天神２－２２ 
キッズプラザきゃらんど新三郷店,埼玉県三郷市新三郷ららシティ３－１－１ ららぽーと新三郷２階
ゲームパニック三郷,埼玉県三郷市彦野２－２５ 
ラウンドワンスタジアムららぽーと新三郷店,埼玉県三郷市新三郷ららシティ3丁目1-1 ららぽーと新三郷 2階 20000番
ラクガキ王国三郷店,埼玉県三郷市天神2丁目22番地 イトーヨーカ堂三郷店2F
らんらんらんど上尾店,埼玉県上尾市谷津2-1-1 ショーサンプラザ5階
アピナ上尾店,埼玉県上尾市緑丘3丁目3番11-2号 PAPA上尾 プリンセス棟1階・2階
イトーヨーカドー アリオ内上尾店,埼玉県上尾市大字壱丁目367番地 
イトーヨーカドー上尾店,埼玉県上尾市谷津２－１－１ 
龍宮ガーデンアリオ上尾店,埼玉県上尾市壱丁目367 アリオ上尾店内2F
ＦＥＳＴＡ上尾店,埼玉県上尾市愛宕３－１－４０ バリュープラザ上尾愛宕店内２階
Forkids' byこぐま モラージュ菖蒲店,埼玉県久喜市菖蒲町菖蒲3555 モラージュ菖蒲3F
イトーヨーカドー アリオ内鷲宮店,埼玉県久喜市久本寺谷田7-1 
イトーヨーカドー久喜店,埼玉県久喜市久喜中央４－９－１１ 
ハローズガーデン久喜店,埼玉県久喜市中央４－９－１１ イトーヨーカドー久喜店５階ハローズガーデン
プレイランド菖蒲店,埼玉県久喜市菖蒲町菖蒲6005番地1号 モラージュ菖蒲店3F
ワンパクオウコク,埼玉県久喜市久本寺谷田7-1 アリオ鷺宮2F 
セガワールド入間,埼玉県入間市東藤沢2-18 
トイザらス入間店,埼玉県入間市豊岡２－１－１ サイオス２Ｆ
モーリーファンタジー入間店,埼玉県入間市上藤沢462-1 イオン2階
ザ・サードプラネットフレスポ八潮店,埼玉県八潮市大瀬８２２－１ フレスポ八潮３階
ザ・ビッグ八潮南店,埼玉県八潮市大曽根273-5 
イトーヨーカドー加須店,埼玉県加須市大門町２０－５８ 
ファンタジーランドガルー大桑店,埼玉県加須市鳩山町10-10 ピアゴ大桑店2階
こころっこ北本,埼玉県北本市深井６－８７ ＨｅｙＷｏｒｌｄ店内１階プレビプレイランド
らんらんらんど北本店,埼玉県北本市中央4-63 ダイエー北本店3F
イトーヨーカドー和光店,埼玉県和光市丸山台１－９－３ 
タイトーステーション和光店,埼玉県和光市丸山台１－４－５ 
イトーヨーカドー坂戸店,埼玉県坂戸市日の出町５－３０ 
ブーボスボス坂戸店,埼玉県坂戸市片柳１７３２－１ 
キッズプラザきゃらんど富士見店,埼玉県富士見市山室1-1313 ららぽーと富士見店2階
セガららぽーと富士見,埼玉県富士見市山室1-1313 3F 35200区画 
Forkids' byこぐま そごう川口店,埼玉県川口市栄町3-5-1 
らんらんらんど川口店,埼玉県川口市本町2-7-25 ミエルかわぐち
イオン川口前川店,埼玉県川口市前川1-1-11 
イオン川口店,埼玉県川口市安行領根岸3180 
イトーヨーカドー　アリオ内川口店,埼玉県川口市並木元町１－７９ 
セガワールド川口,埼玉県川口市東領家2-2-10 
ソユーゴールドフィッシュ川口店,埼玉県川口市並木元町1-79 アリオ川口3F
モーリーファンタジー川口前川店,埼玉県川口市前川1丁目1番11号 イオン3階
モーリーファンタジー川口店,埼玉県川口市安行領根岸字外谷田3180-1 イオン3階
楽市楽座イオンモール川口キャラ店,埼玉県川口市前川1-1-11 イオンモール川口キャラ3階
WonderGOO川越店,埼玉県川越市大字小室385-1 
ゲームシティプラス川越店,埼玉県川越市泉町１－１ ウニクス南古谷シネマ棟１Ｆ
トイザらス川越店,埼玉県川越市福田１０１７－１ 
丸広百貨店わんぱくランド,埼玉県川越市新富町2-6-1 丸広百貨店内
にこぱ幸手店,埼玉県幸手市上高野７６４ エムズタウン幸手店内
スクウェアワン幸手店,埼玉県幸手市上高野２１４２-１ 
イオン北戸田店,埼玉県戸田市美女木東1-3-1 
ギガステーション戸田店,埼玉県戸田市美女木943-7 
モーリーファンタジー北戸田店,埼玉県戸田市美女木東1-3-1 イオン2階
ｎａｍｃｏイオン北戸田店,埼玉県戸田市美女木東１－３－１ イオン北戸田ショッピングセンター
あひるのたまご所沢山口店,埼玉県所沢市小手指台23-1 マミーマート所沢山口店2階プレイランド
タイトーステーション　所沢店,埼玉県所沢市日吉町3番7号 スカイビュウ1、2F
ダイエー所沢店,埼玉県所沢市東町５－２２ 
アミュージアム新座店,埼玉県新座市東北2-32-12 新座イオン3F
トイザらス新座店,埼玉県新座市野火止５－２－６０ ラ・ヴィニュ２Ｆ
西友新座店,埼玉県新座市野火止８－１６－１３ 
ベイシア日高店ファミリーランドあそびのくに,埼玉県日高市森戸新田88-5 
MEGAドン・キホーテ春日部店,埼玉県春日部市南中曽根８９５－１ 
イオン春日部店,埼玉県春日部市下柳字森田420-1 
イトーヨーカドー春日部店,埼玉県春日部市中央１－１３－１ 
クレヨンしんちゃんブリブリシネマスタジオ,埼玉県春日部市南１－１－１ ララガーデン春日部３階
モーリーファンタジー春日部店,埼玉県春日部市下柳420-1 イオン3階
ユーズランド春日部店,埼玉県春日部市下柳420-1 イオンモール春日部2F
埼玉レジャーランド春日部店,埼玉県春日部市増富谷際163-1 
マルエツ朝霞店,埼玉県朝霞市本町1-12-10 
らんらんらんど本庄店,埼玉県本庄市本庄２－３－６　バナーズビル２階 
アピタ本庄店,埼玉県本庄市南１－２－１０ 
ハローズガーデン本庄店,埼玉県本庄市南1-2-10 アピタ本庄店1階
アピタ東松山店,埼玉県東松山市あずま町４－３ 
スウィーツファンタジーパックン東松山店,埼玉県東松山市あずま町4-3 
西友東松山店,埼玉県東松山市小松原町１１－２ 
アピタ桶川店,埼玉県桶川市桶川都市計画事業下日出谷東特定土地区画整理事業地内4 
スウィーツファンタジーパックン桶川店,埼玉県桶川市桶川郡市計画事業下日比谷東特定土地区画整理事業地内 42街区1画地ベニバナウォーク桶川2F
トイザらス桶川店,埼玉県桶川市西２－９－３６ マメトラショッピングパ－ク２Ｆ
イトーヨーカドー　アリオ内深谷店,埼玉県深谷市上柴町西４－２－１４ 
キャラゲット深谷店,埼玉県深谷市上柴町西4-12-1 
ハローズガーデン川本店,埼玉県深谷市上原４６４ 
ハローズガーデン深谷店,埼玉県深谷市上紫町西4-2-14 アリオ深谷店２階
ＡＧスクエア埼玉花園店,埼玉県深谷市荒川３５９ 
SOYU Game Field熊谷店,埼玉県熊谷市銀座2-245 ショッピングセンターニットーモール3階
セガワールド籠原,埼玉県熊谷市美土里町1-169 
ファミリーランド籠原店,埼玉県熊谷市新堀新田523 マミーマート籠原店2F
モーリーファンタジー熊谷店,埼玉県熊谷市本石2-135 イオン3階
西友熊谷店,埼玉県熊谷市大字代１０６７ 
キャッツアイ狭山店,埼玉県狭山市入間川イ３１４１ キャッツアイ狭山店
モーリーファンタジー狭山店,埼玉県狭山市上奥富1126-1 イオン2階
ハローズパシオス秩父店,埼玉県秩父市永田町10-27 
イオン羽生店,埼玉県羽生市川崎2-281-3 
プラサカプコン羽生店,埼玉県羽生市川崎２－２８１－３ イオンモール羽生店２階
モーリーファンタジー羽生店,埼玉県羽生市川崎2丁目281番地3 イオン3階
イトーヨーカドー新田店,埼玉県草加市旭町６－１５－３０ 
イトーヨーカドー草加店,埼玉県草加市高砂２－７－１ 
ウェアハウス草加花栗店,埼玉県草加市花栗４－２６－２１ 
トイザらス草加店,埼玉県草加市清門町４０１－１ 
ニコパ草加舎人店,埼玉県草加市遊馬町2-1 島忠ホームズ草加舎人店
MEGAドン・キホーテ蓮田店,埼玉県蓮田市東４－５－１３ 
イトーヨーカドー錦町店,埼玉県蕨市錦町１－１２－１ 
パイレーツキッズ錦町店,埼玉県蕨市錦町１－１２－１ イトーヨーカドー錦町店２階
モーリーファンタジー蕨店,埼玉県蕨市塚越5-6-35 イオン1階
MrMax越谷,埼玉県越谷市越ケ谷1-16-6 
イオンレイクタウン店,埼玉県越谷市東町2-8番 
ウェアハウス東越谷店,埼玉県越谷市東越谷４－８－１７ 
ダイエー南越谷店,埼玉県越谷市南越谷１－２８７６－１ 
トイザらス越谷店,埼玉県越谷市上間久里３０８－１ 
ナムコランドイオンレイクタウン店,埼玉県越谷市東町２－８ イオンレイクタウンＢ街区３Ｆ　３１３３区画
ニコパ 越谷サンシティ店,埼玉県越谷市南越谷1-2876-1 サンシティSC
ファイヤーボール越谷レイクタウン店,埼玉県越谷市東町2丁目8 レイクタウンmori3F 
ペニーポット越谷店,埼玉県越谷市越ヶ谷1-16-6 ミスターマックス越谷店2F
モーリーファンタジーせんげん台店,埼玉県越谷市千間台西3-2-12 イオン3階
モーリーファンタジーイオンレイクタウン店,埼玉県越谷市東町2丁目8 イオン3階
ユーズランド越谷店,埼玉県越谷市東町4-21-1 イオンレイクタウンKAZEA342
西友蒲生伊原店,埼玉県越谷市伊原１－４－１ 
こころっこ飯能店,埼玉県飯能市南町9-23 
MEGAドン・キホーテ北鴻巣店,埼玉県鴻巣市箕田３１１１－１ 
アピタ吹上店,埼玉県鴻巣市大字袋９０－１ 
アミュージアム鴻巣店,埼玉県鴻巣市本町１－１－２ エルミこうのす３Ｆ
ファンタジーランドガルー吹上店,埼玉県鴻巣市袋９０－１ アピタ吹上店２階
ハローズガーデンワカバウォーク店,埼玉県鶴ヶ島市富士見１－２－１ ワカバウォーク北棟２階
キッズプラザきゃらんど上里店,埼玉県児玉郡上里町七本木２２７２－１ ＵＮＩＣＵＳ上里２階
モーリーファンタジー上里店,埼玉県児玉郡上里町大字金久保字蓮山359番1 イオンタウン2階
ラウンドワンさいたま・上里店,埼玉県児玉郡上里町大字金久保394-1 
わんぱくキッズランドライフ毛呂山店,埼玉県入間郡毛呂山町岩井西3-12-34 ライフ毛呂山店2階
ハローズガーデン伊奈店,埼玉県北足立郡伊奈町大針北原１１２５－１ ＵＮＩＣＵＳ伊奈店２階
TSUTAYA嵐山店,埼玉県比企郡嵐山町平沢土地区画内31街区10 
ベイシアなめがわモール店,埼玉県比企郡滑川町大字羽根尾2780 
アミュージアムユーカリが丘店,千葉県佐倉市ユーカリが丘4-1-4 ユーカリプラザ5階
アミュージアム八千代店,千葉県八千代市村上南１－４－１ フルルガーデン八千代２階
イオン八千代緑が丘店,千葉県八千代市緑が丘2-1-3 
イトーヨーカドー八千代店,千葉県八千代市村上南１－３－１ 
イトーヨーカドー八千代店キッズ・パーク,千葉県八千代市村上４００１番地４ イトーヨーカドー八千代店内３階
キャッツアイ八千代店,千葉県八千代市吉橋１８５ １ｉｓｍ緑ケ丘内
ナムコランドアクアサーカス,千葉県八千代市緑が丘二丁目１番３ イオン八千代緑が丘ＳＣ４Ｆ
モーリーファンタジー八千代緑が丘店,千葉県八千代市緑が丘2丁目1-3 イオン4階
モーリーファンタジー八街店,千葉県八街市文違301 イオン1階
MrMaxおゆみ野店,千葉県千葉市緑区おゆみ野中央２－３－１ 
NICOPAマリンピア店,千葉県千葉市美浜区高洲3-13-1 マリンピア4F
SEGAARENASOGA,千葉県千葉市中央区川崎町51-1 ハーバーシティ蘇我フェスティバルウォーク1F
namcoイオンモール幕張新都心店,千葉県千葉市美浜区豊砂1-1イオンモール幕張新都心 グランドモール3階
そごう 千葉店 本館6階玩具売場,千葉県千葉市中央区新町1000 
らんらんらんどあすみが丘,千葉県千葉市緑区あすみが丘7-1 
らんらんらんど千葉長沼店,千葉県千葉市稲毛区長沼町330-50 ダイエー千葉長沼店1F
アミュージアム稲毛店,千葉県千葉市稲毛区小仲台1-4-20 イオン稲毛店2F
イトーヨーカドー　アリオ内蘇我店,千葉県千葉市中央区川崎町５２－７ 
イトーヨーカドー幕張店,千葉県千葉市花見川区幕張町４－４１７－２５ 
キッズ共和国 イオン幕張新都心店,千葉県千葉市美浜区豊砂1-1 
ザ・サードプラネットフレスポ千葉稲毛店,千葉県千葉市稲毛区長沼原町731-17 
スポーツウェーブ鉄腕24,千葉県千葉市中央区 浜野町1025-59
スポーツウェーブ鉄腕24稲毛長沼店,千葉県千葉市稲毛区長沼原町694 
ソピア幕張店,千葉県千葉市花見川区幕張町４－４１７－２５ イトーヨーカドー２階
タイトーステーションアリオ蘇我店,千葉県千葉市中央区川崎町52-7 アリオ蘇我店2階
ナムコランドおゆみ野店,千葉県千葉市緑区おゆみ野中央２－３－１ ミスターマックスおゆみ野ショッピングセンター内
ファンタジープラザ千城台店,千葉県千葉市若葉区千城台北３－２１－１ ラパーク千城台店３階
モーリーファンタジーおゆみ野店,千葉県千葉市緑区おゆみ野南5丁目37-1 イオンタウン2階
モーリーファンタジー幕張新都心店,千葉県千葉市美浜区豊砂1-5 イオンモール ファミリーモール2階
モーリーファンタジー鎌取店,千葉県千葉市緑区おゆみ野3丁目16番地 イオン4階
ヨドバシカメラ千葉店,千葉県千葉市中央区富士見２－３－１ 
ＣＬＵＢＳＥＧＡ幕張,千葉県千葉市美浜区ひび野1-8 メッセアミューズモール1階
ＣＬＵＢＳＥＧＡ稲毛オーツーパーク,千葉県千葉市稲毛区園生町３８０－１ オーツパーク内
イオン千葉ニュータウン店,千葉県印西市中央北３－１－１ 
ジョイプラザ印西店,千葉県印西市原１－２ ビックホップガーデンモール印西２階
モーリーファンタジー千葉ニュータウン店,千葉県印西市中央北3丁目1番1 イオン3階
こころっこＤマート君津,千葉県君津市中野５－１７－１ Ｄマート君津店３Ｆプレビプレイランドコーナー
君津の湯,千葉県君津市外箕輪154 
イトーヨーカドー四街道店,千葉県四街道市中央５ 
ポニー四街道店,千葉県四街道市中央5番地 イトーヨーカドー四街道店2F
プラサカプコン富津店,千葉県富津市青木１２４－１ 富津ショッピングセンター内ゲームセンター
ベイシア富里店,千葉県富里市七栄532 
リトルパーク冨里,千葉県富里市七栄575 
MEGAドン・キホーテ ラパーク成東店,千葉県山武市成東１８０８－１ 
アーバンスクエア成東店,千葉県山武市成東北砂郷７６９－１ 
ファンタジープラザ成東,千葉県山武市成東１８０８－１ ラパーク成東店２階
千葉レジャーランド成東店,千葉県山武市姫島111-1 
こころっこ姉崎店,千葉県市原市姉崎645-1 3階 イトーヨーカドー姉崎店内プレビプレイランドコーナー
アピタ市原店,千葉県市原市青柳喜多１－１ 
アミュージアム市原店,千葉県市原市辰巳台東１－１－１ 
イトーヨーカドーアリオ内 市原店,千葉県市原市更級四丁目3 番2 
イトーヨーカドー姉崎店,千葉県市原市姉崎６４５－１ 
ゲームチャリオット金杉店,千葉県市原市五井金杉1-47-1 
トムソーヤのなかまたち,千葉県市原市更級4-3-1 アリオ市原店2F
ハローズガーデン市原店,千葉県市原市青柳北１－１ アピタ市原店２階
プラサカプコンちはら台店,千葉県市原市ちはら台西３－４ unimoちはら台ショッピングセンター２階
らんらんらんど南行徳店,千葉県市川市南行徳２－２０－２５ ダイエー南行徳店2F
ゲームフジ市川店,千葉県市川市市川1-9-11 サン市川ハイツ1階
タイトーＦステーション市川妙典店,千葉県市川市妙典４－１－１ イオン市川妙典店２番街２階
ダイエー南行徳店,千葉県市川市南行徳2-20-25 
トイザらス・ベビーザらス市川店,千葉県市川市鬼高１－１－１ ニッケコルトンプラザイ－スト館２Ｆ
パロ市川,千葉県市川市鬼高１－１－１ ニッケコルトンプラザ２階
ファンキッズいちかわ店,千葉県市川市鬼高１－１－１ ダイエーいちかわコルトンプラザ４階
モーリーファンタジー市川妙典３Ｆ店,千葉県市川市妙典5-3-1 イオン3階
イオン成田店,千葉県成田市ウイング土屋24 
イトーヨーカドー成田店,千葉県成田市公津の杜４－５－３ 
ゲームチャリオット成田店,千葉県成田市飯仲9-4 
セガ成田HUMAX,千葉県成田市ウィング土屋80番地 ヒューマックスパビリオン成田2F
テクモピアロックダム公津の杜店,千葉県成田市公津の杜４－５－３ 成田ユアエルム３階
プラサカプコン成田店,千葉県成田市ウイング土屋２４ イオン成田ショッピングセンター２階
モーリーファンタジーイオン成田店,千葉県成田市ウイング土屋24番地 イオン2階
あびこショッピングプラザ　ナムコランド,千葉県我孫子市我孫子４－１１－１ あびこショッピングプラザ３Ｆ
イトーヨーカドー我孫子店,千葉県我孫子市我孫子4-11-1 
セガワールド我孫子,千葉県我孫子市柴崎47-1 
イオン旭店,千葉県旭市イ2676 
セガワールド旭,千葉県旭市ニ３１５０－１ 
タイトーステーション旭サンモール店,千葉県旭市イ－２６７６－１ サンモール３Ｆ
GAME&GO;!KISARAZU,千葉県木更津市太田2-5-1 精文館書店内ゲームコーナー
アピタ木更津店,千葉県木更津市ほたる野４－２－４８ 
イオンタウン木更津朝日店,千葉県木更津市朝日3-10-19 
イスカンダル,千葉県木更津市潮見4-1-2 
ソユーゲームフィールド木更津店,千葉県木更津市築地1番4 イオンモール木更津2階
ハローズガーデン木更津店,千葉県木更津市ほたる野４－２－４８ アピタ木更津店２階
モーリーファンタジー木更津店,千葉県木更津市築地1-4 
パラボランド  東金店,千葉県東金市東岩崎8-10 サンピア3階
らんらんらんど五香店,千葉県松戸市五香８－４４－６ オウル五香1F
イトーヨーカドー八柱店,千葉県松戸市日暮１－１５－８ 
イトーヨーカドー松戸店,千葉県松戸市松戸１１４９ 
ダイエー新松戸店,千葉県松戸市新松戸3-2-2 
トイザらス松戸店,千葉県松戸市二ツ木１７８１－２ プチモール二ツ木２Ｆ
東京ガリバー松戸店,千葉県松戸市松戸1230-1 ピアザ松戸2階
西友常盤平店,千葉県松戸市常盤平３－１１－１ 
SUPERWAVE柏店,千葉県柏市十余二249-5 
ぷれいらんど３７３ららぽーと柏の葉,千葉県柏市若柴１７５ ららぽーと柏の葉店３階
タイトーFステーションPAZ新柏店,千葉県柏市名戸ヶ谷字中久保888番1号 PAZ新柏2F
タイトーステーション柏店,千葉県柏市柏２－３－１ 
トイザらス柏店,千葉県柏市松ケ崎１１８１－１ 
ビックカメラ柏店,千葉県柏市柏１－１－２０ スカイプラザ柏
モラージュ柏キッズパーク,千葉県柏市大山台2丁目3番地 
モーリーファンタジー柏店,千葉県柏市豊町2丁目2番25号 イオン2階
namco流山おおたかの森S・C店,千葉県流山市西初石六丁目185番2号 
イトーヨーカドー流山店,千葉県流山市流山９－８００－２ 
ハロータイトー流山,千葉県流山市流山9丁目8002号 
こころっこ新浦安店,千葉県浦安市明海4-1-1 イトーヨーカドー新浦安店内3階プレイランド
アミューズメントパーク宝島新浦安店,千葉県浦安市入船1-4-1 新浦安ダイエーショッパーズ4階
イトーヨーカドー新浦安店,千葉県浦安市明海４－１－１ 
ダイエー新浦安店,千葉県浦安市入船１－４－１ 
トイザらス・ベビーザらス新浦安店,千葉県浦安市日の出５－１－１４ 
MrMax新習志野店,千葉県習志野市茜浜２－２－１ 
TSUTAYA津田沼店,千葉県習志野市谷津1-16-1 
アミュージアム東習志野,千葉県習志野市東習志野7-3-1 イトーヨーカドー東習志野4階
イオン津田沼店,千葉県習志野市津田沼1-23-1 
イトーヨーカドー東習志野店,千葉県習志野市東習志野７－３－１ 
イトーヨーカドー津田沼店,千葉県習志野市津田沼１－１０－３０ 
モーリーファンタジー東習志野店,千葉県習志野市東習志野6丁目7-8 イオンタウン1階
モーリーファンタジー津田沼店,千葉県習志野市津田沼1丁目23番1号 イオン3階
イオン船橋店,千葉県船橋市山手1-1-8号 
イオン高根木戸店,千葉県船橋市習志野台1-1-3 
イトーヨーカドー船橋店,千葉県船橋市本町７－６－１ 
セガららぽーとTOKYO-BAY,千葉県船橋市浜町2-1-1 北館1F
テクモピア船橋店,千葉県船橋市浜町2-2-7 ビビット船橋4階
ファンファン北習志野店,千葉県船橋市習志野台2-6-17 パチンコ遊戯座2F
マリンガーデンららぽーとTOKYO-BAY,千葉県船橋市浜町2-2-2 ららぽーと TOKYO-BAY西館3F
モーリーファンタジー船橋店,千葉県船橋市山手1-1-8 イオン3階
ｎａｍｃｏイオンモール船橋店,千葉県船橋市山手１丁目１番８号 
GAME SQUARE茂原,千葉県茂原市 六ツ野八貫野 2785-1 ライフガーデン茂原内
WonderGOO茂原店,千葉県茂原市木崎2272 
タイトーステーション茂原アスモ店,千葉県茂原市高師１７３５ 茂原ショッピングプラザアスモ２Ｆ
ビバ・サーカス茂原店,千葉県茂原市高師１７３５ 茂原茂原ショッピングプラザアスモ２階
らんらんらんど長浦店,千葉県袖ケ浦市長浦駅前1-7 ダイエー長浦店
モーリーファンタジーノア店,千葉県野田市中根36-1 イオン1階
千葉レジャーランド野田店,千葉県野田市吉春鎌田776-1 
ＹＡＺＷＯＲＬＤ野田七光台,千葉県野田市七光台４－２ ロックタウン内
イオン銚子店,千葉県銚子市三崎町2-2660-1 
タイトーステーションイオンモール銚子店,千葉県銚子市三崎町2-2660-1 イオン銚子SC2階
モーリーファンタジー銚子店,千葉県銚子市三崎町2丁目2660-1 イオン2階
WonderGOO鎌ヶ谷店,千葉県鎌ヶ谷市東鎌ヶ谷1-6 
にこぱアクロスモール新鎌ヶ谷店,千葉県鎌ヶ谷市初富928 
イオン鎌ヶ谷店,千葉県鎌ヶ谷市新鎌ケ谷2-7-1 
モーリーファンタジー鎌ヶ谷店,千葉県鎌ヶ谷市新鎌ヶ谷2丁目7番1号 イオン2階
モーリーファンタジー館山店,千葉県館山市八幡545-1 イオン1階
スコナランド佐原店,千葉県香取市佐原ホ1236-1 サワラシティ店2階
イオン鴨川店,千葉県鴨川市横渚973-1 
らんらんらんど酒々井店,千葉県印旛郡酒々井町本佐倉457-2 トライアル酒々井店2階
サビア横芝店内プレビプレイランド,千葉県山武郡横芝光町横芝２１２２ サビア横芝店内２階プレビプレイランド
ファミリーランド 長生店,千葉県長生郡長生村大字金田3237 
エムエムランド,東京都世田谷区北沢2-3-6 
タイトーイン祖師谷大蔵,東京都世田谷区砧8-10-1 プラッツ砧1F
玉川タカシマヤ,東京都世田谷区玉川3-17-1 
西友三軒茶屋店,東京都世田谷区太子堂４－２４－８ 
博品館ＴＯＹＰＡＲＫ銀座本店,東京都中央区銀座８－８－１１ 
ｎａｍｃｏ中野,東京都中野区中野５－５２－１５ 中野ブロードウェイ別館
namco王子サンスクエア店,東京都北区王子1-4-1 サンスクエア2F
イトーヨーカドー赤羽店,東京都北区赤羽西１－７－１ 
ダイエー赤羽北本通り店,東京都北区神谷３－１２－１ 
セガ秋葉原1号館,東京都千代田区外神田1-10-9 
タイトーステーション秋葉原店,東京都千代田区外神田4-2-2 貴三ビル
ビックカメラ有楽町本館,東京都千代田区有楽町１－１１－１ 
ヨドバシカメラマルチメディアＡｋｉｂａ,東京都千代田区神田花岡町１－１ ６Ｆ
東京レジャーランド秋葉原2号店,東京都千代田区外神田4丁目3-3 ミナミビル6階
東京レジャーランド秋葉原店,東京都千代田区外神田１－９－５ 
秋葉原ＧＩＧＯ,東京都千代田区外神田1-15-1 
ＣＬＵＢＳＥＧＡ秋葉原新館,東京都千代田区外神田1-11-11 
Ｈｅｙ,東京都千代田区外神田１－１０－５ 広瀬本社ビル２Ｆ
タイトーステーション浅草,東京都台東区浅草1-27-3 
トイショップ　ヤマシロヤ,東京都台東区上野６－１４－６ 
ヨドバシカメラマルチメディア上野,東京都台東区上野4-10-10 マルチメディア上野2号店
こころっこ大井町店,東京都品川区大井1-3-6 イトーヨーカドー大井町店内7F
イオン品川シーサイド店,東京都品川区東品川4-12-5 
イトーヨーカドー大井町店,東京都品川区大井１－３－６ 
ゲームグース武蔵小山店,東京都品川区小山3-22-19 
モーリーファンタジー品川シーサイド店,東京都品川区東品川4丁目12-5 イオン2階
Tree Village(ツリービレッジ),東京都墨田区押上1-1-2 東京スカイツリータウン・ソラマチ 4階
アイカツ!オフィシャルショップ ソラマチ店,東京都墨田区押上1-1-2 東京スカイツリータウン・ソラマチ イーストヤード5F
アドアーズ錦糸町店,東京都墨田区太平４―１－２ オリナスモール地下１階
イトーヨーカドー曳舟店,東京都墨田区京島１－２－１ 
キッズプラザきゃらんど曳舟店,東京都墨田区京島１－２－１ イトーヨーカドー曳舟店４階
タイトーステーション錦糸町楽天地店,東京都墨田区江東橋４－２７－１４ 楽天地ビル地下１階
ハローズガーデン墨田文花店,東京都墨田区文花１－３１－９ オリンピック墨田文花１階
ヨドバシカメラマルチメディア錦糸町,東京都墨田区江東橋３－１４－５ 錦糸町ステーションビルテルミナ２Ｆ
namco東急プラザ蒲田店,東京都大田区西蒲田7-69-1 蒲田東急プラザ内
イトーヨーカドー大森店,東京都大田区大森北２－１３－１ 
ドン・キホーテＢＩＧ ＦＵＮ平和島店,東京都大田区平和島１－１－１ 
ハローズガーデン新糀谷店,東京都大田区萩中２－１２－５ マルエツ新糀谷店２階
ＳＯＹＵＺＡＵＲＵＳＷＯＲＬＤ大森店,東京都大田区大森北２－１３－１ イトーヨーカドー大森３階
セガ 東京ドームシティ,東京都文京区後楽1-3-61 株式会社東京ドーム アトラクションズ内 カーニバル
タイトーステーション新宿南口ＧＷ店,東京都新宿区新宿３－３５－８ 
タイトーステーション新宿東口店,東京都新宿区新宿３－２２－７ 指田ビル
タイトーステーションＢＩＧＢＯＸ高田馬場,東京都新宿区高田馬場１－３５－３ ＢＩＧ　ＢＯＸ６階
ビックカメラ新宿西口店,東京都新宿区西新宿１－５－１ ハルク（新宿駅西口）
ビックロ ビックカメラ新宿東口店,東京都新宿区新宿3丁目29番地1 
ヨドバシカメラマルチメディア新宿東口,東京都新宿区新宿3-26-7 
ヨドバシカメラ新宿西口本店 ガシャポン館,東京都新宿区西新宿1-11-1 ガシャポン館B1F
ヨドバシカメラ新宿西口本店 ゲーム・ホビー館,東京都新宿区西新宿1-11-1 ゲーム・ホビー館
小田急百貨新宿店 本館9F玩具売り場,東京都新宿区西新宿1-1-3 
新宿オスローバッティングセンター,東京都新宿区歌舞伎町2-34-5 第2オスロービル2F
ＣＬＵＢＳＥＧＡ新宿西口,東京都新宿区西新宿1-12-5 
プラボ荻窪,東京都杉並区上荻１－１３－１０ ハクサンビル
西友阿佐ヶ谷店,東京都杉並区阿佐ヶ谷北１－５－６ 
らんらんらんど成増店,東京都板橋区成増2-21-2 ダイエー成増店4階
イオン板橋店,東京都板橋区徳丸2-6-1 
ゲームサファリ大山,東京都板橋区大山東町 60-10 やすだ大山駅前店2F
ダイエー西台店,東京都板橋区蓮根３－８－１２ 
モーリーファンタジー板橋店,東京都板橋区徳丸2丁目6番地1 イオン3階
ぷれいらんど３７３瑞江店,東京都江戸川区瑞江２－１－２ ラパーク瑞江店４階
アムネット小岩店,東京都江戸川区南小岩６－３１－３ 石井ビル１階
イトーヨーカドー小岩店,東京都江戸川区西小岩１－２４－１ 
イトーヨーカドー葛西店,東京都江戸川区東葛西９－３－３ 
キャッツアイ西葛西店,東京都江戸川区西葛西４－２－２８ サニーモール西葛西
セガワールド船堀,東京都江戸川区船堀1-6-11 
セガワールド葛西,東京都江戸川区東葛西9-3-3 イトーヨーカドー葛西店3F
ドン・キホーテラパーク瑞江店,東京都江戸川区瑞江２－１－２ 
ハローズガーデン船堀店,東京都江戸川区船堀１－１－５１ ダイエー船堀店３階
ホームズ葛西店内こころっこ,東京都江戸川区東葛西９－３－６ ホームズ葛西店１階こころっこプレイランド
モーリーファンタジー葛西店,東京都江戸川区西葛西3-9-19 イオン3階
らんらんらんど大島店,東京都江東区大島4-6-1 ダイエー大島店4F
アトランティス豊洲店,東京都江東区豊洲３－４ スーパービバホーム豊洲店２階
アドアーズ南砂町ＳＵＮＡＭＯ店,東京都江東区新砂３－４－３１ 南砂町ショッピングセンターＳＵＮＡＭＯ
アミュージアム豊洲店,東京都江東区豊洲２－４－９ アーバンドックららぽーと豊洲３階
イトーヨーカドー　アリオ内北砂店,東京都江東区北砂２－１７ ３階
イトーヨーカドー木場店,東京都江東区木場１－５－３０ 
トイザらス亀戸店,東京都江東区亀戸６－３１－１ サンストリート２Ｆ
ナムコランド木場,東京都江東区木場1-5-30 イトーヨーカドー木場店2・3F
ハローズガーデン北砂店,東京都江東区北砂２－１７ アリオ北砂店３階
モーリーファンタジー南砂店,東京都江東区南砂6-7-15 イオン3階
ラウンドワンスタジアム ダイバーシティ東京プラザ店,東京都江東区青海1丁目1番10号 ダイバーシティ東京 プラザ 6階
東京レジャーランドパレットタウン店,東京都江東区青海1丁目 パレットタウン青梅ビル3階
ＮＩＣＯＰＡサンストリート亀戸店,東京都江東区亀戸6-31-1 サンストリート亀戸
キデイランド原宿店,東京都渋谷区神宮前6-1-9 
ハイテクランドセガ渋谷,東京都渋谷区渋谷1-14-14 
ビックカメラ渋谷東口店,東京都渋谷区渋谷1-24-12 
にこぱデックス東京ビーチ店,東京都港区台場1-6-1 デックス東京ビーチアイランドモール4F
トイザらスお台場店,東京都港区台場１－７－１ アクアシティお台場１Ｆ
ビックカメラ赤坂見附駅店,東京都港区赤坂3-1-6 
東京レジャーランドお台場メディアージュ店,東京都港区台場1丁目7番1号 メディアージュ４Ｆ
らんらんらんど碑文谷店,東京都目黒区碑文谷４－１－１ ダイエー碑文谷店7Ｆ
ダイエー碑文谷店,東京都目黒区碑文谷４－１－１ 
ＣＬＵＢＳＥＧＡ自由ヶ丘,東京都目黒区自由が丘２－１０－９ 
アミュージアム大泉,東京都練馬区東大泉２－１０－１１ LIVINオズ大泉５階
ダイエー練馬店,東京都練馬区光が丘５－１－１ 
ナムコランド練馬店,東京都練馬区光が丘５‐１ 
リヴィン光が丘アミューズメントランド,東京都練馬区光が丘5-1-1 
西友リヴィン光が丘店,東京都練馬区光が丘５－１－１ 
西友練馬ＰＡＲＴ２店,東京都練馬区練馬１－３－１０ 
サンポップマチヤ,東京都荒川区荒川7-50-9 
○×△□（ラくトス）,東京都葛飾区新小岩１－４４－６ 
こち亀ゲームぱーく,東京都葛飾区亀有３－４９－３ アリオ亀有アリオモール３階
イトーヨーカドー　アリオ内亀有店,東京都葛飾区亀有３－４９－３ 
イトーヨーカドー四つ木店,東京都葛飾区四つ木２－２１－１ 
イトーヨーカドー高砂店,東京都葛飾区高砂３－１２－５ 
ハロータイトー亀有店,東京都葛飾区亀有３ー２６ー１ イトーヨーカ堂内
東京レジャーランド亀有店,東京都葛飾区亀有3-21-2 
AMPIAサントロペ池袋,東京都豊島区東池袋1-29 サントロペビル2F
ビックカメラ池袋本店,東京都豊島区東池袋１－４１－５ 
ビックカメラ池袋西口店,東京都豊島区西池袋１－１６－３ 
池袋ＧＩＧＯ,東京都豊島区東池袋1-21-1 
GAMEピーアーク青井,東京都足立区一ツ家3-8-20 
ぷれいらんど373梅島店,東京都足立区梅田6-9-16 ショッピングタウンカリブ梅島2F
イトーヨーカドー　アリオ内西新井店,東京都足立区西新井栄町１－２０－１ 
イトーヨーカドー竹の塚店,東京都足立区竹の塚５－１７－１ 
イトーヨーカドー綾瀬店,東京都足立区綾瀬３－４－２５ 
ウェアハウス江北店,東京都足立区谷在家２－１１－２ 
ゲオ綾瀬店,東京都足立区綾瀬3-14-2 
セガ竹の塚,東京都足立区竹の塚6-8-3 
ニチゴランド,東京都足立区梅島 3-32-7 西新井イオン店内4階
イトーヨーカドー八王子店,東京都八王子市狭間町１４６２－１ 
イトーヨーカドー南大沢店,東京都八王子市南大沢２－２８－１ 
ソピア八王子店,東京都八王子市狭間町１４６２－１ イトーヨーカドー八王子狭間店３階
ソピア南大沢店,東京都八王子市南大沢２－２８－１ イトーヨーカドー南大沢店３階
ドラマ八王子高倉店,東京都八王子市高倉町５５－４ 
ドン・キホーテ八王子駅前店,東京都八王子市中町1-3 
ハロータイトー八王子みなみ野店,東京都八王子市みなみ野1-8-1 Mioみなみ野SC 2F
ビックカメラＪＲ八王子駅店,東京都八王子市旭町１－１７ 
ヨドバシカメラ八王子店,東京都八王子市東町７－４ 
ＹＡＺＷＯＲＬＤ八王子みなみ野店,東京都八王子市みなみ野１－２－１ アクロスモール内　３階
THE 3RD PLANET 多摩センター店,東京都多摩市落合1-39-2 
namcoクロスガーデン多摩店,東京都多摩市落合2-33 クロスガーデン多摩店3F
イトーヨーカドー多摩センター店,東京都多摩市落合１－４４ 
タイトーステーション多摩センター店,東京都多摩市落合1-45-1 
トイザらス多摩店,東京都多摩市東寺方６６０－１ 
パロ聖蹟桜ヶ丘,東京都多摩市関戸４－７２ 聖蹟桜ケ丘オーパ店６階
京王百貨店 聖蹟桜ヶ丘店 7階玩具売場,東京都多摩市関戸1-10-1 
ダイエー小平店,東京都小平市小川東町2-12-1 
イトーヨーカドー武蔵小金井店,東京都小金井市本町6-14-9 
ハローズガーデン武蔵小金井店,東京都小金井市本町６－１４－９ イトーヨーカドー武蔵小金井店４階
セガワールドアルカス,東京都府中市宮西町２－５－１ さくら三番館
セガワールド府中,東京都府中市西原町1-6-2 府中クレッセ内
トイザらス府中駅前店,東京都府中市宮町１－５０ くるるＢ１Ｆ
モーリーファンタジーイオンモール多摩平の森店,東京都日野市多摩平2丁目4番1 
アミュージアムキッズパーク昭島店,東京都昭島市田中町５６２－１ モリタウン東館２階
イトーヨーカドー拝島店,東京都昭島市松原町３－２－１２ 
イトーヨーカドー昭島店,東京都昭島市田中町562-1 
ザ・サードプラネット昭島店,東京都昭島市松原町1-6-14 
トイザらス昭島店,東京都昭島市田中町５７３－１－４ モリタウン内
モーリーファンタジー昭島店,東京都昭島市宮沢町500番1号 ザ・ビッグ3階
イオン東久留米店,東京都東久留米市南沢5-17-62 
イトーヨーカドーザ・プライス滝山店,東京都東久留米市滝山４－１３－１０ 
イトーヨーカドー東久留米店,東京都東久留米市本町３－８－１ 
モーリーファンタジー東久留米店,東京都東久留米市南沢5-17 イオン3階
イトーヨーカドー東大和店,東京都東大和市桜が丘２－１４２－１ 
セガワールド東大和,東京都東大和市桜ヶ丘1-1330-19 BIGBOX東大和1F
ハローズガーデン東大和店,東京都東大和市桜が丘２－１４２－１ イトーヨーカ堂東大和店２階
イトーヨーカドー東村山店,東京都東村山市本町２－２－１９ 
イオンむさし村山店,東京都武蔵村山市榎1-1-3 
セガワールドドリームファクトリー,東京都武蔵村山市榎1-1-3-2059 
ダイエー武蔵村山店,東京都武蔵村山市伊那平３－３６－１ 
モーリーファンタジーむさし村山店,東京都武蔵村山市榎1丁目1番3号 イオン3階
イトーヨーカドー武蔵境店,東京都武蔵野市境南町２－２－２０ 
キデイランド吉祥寺店,東京都武蔵野市吉祥寺本町1-11-5 コピス吉祥寺 6階 A棟 
プラサカプコン吉祥寺店,東京都武蔵野市吉祥寺本町１－１０－１ いなりやビル地下１階
ヨドバシカメラマルチメディア吉祥寺,東京都武蔵野市吉祥寺本町１－１９－１ ５Ｆ
東急百貨店 吉祥寺店 6階玩具売場,東京都武蔵野市吉祥寺本町2-3-1 
MrMax町田多摩境店,東京都町田市小山ヶ丘６－１－１０ ＭｒＭａｘ町田多摩境ショッピングセンター
こころっこ町田根岸店,東京都町田市根岸町230-7 アメリア町田根岸SC内2階
タイトーステーション町田店,東京都町田市原町田６－２１－２３ 松山ビル１Ｆ
ヨドバシカメラマルチメディア町田,東京都町田市原町田１－１－１１ 
西友新福生店キッズパーク,東京都福生市東町５－１ 
西友福生店,東京都福生市東町５－１ 
CLUBSEGA立川,東京都立川市柴崎町3-2-1 サザンビル1階
ビックカメラ立川店,東京都立川市曙町２－１２－２ 
田無ファミリーランドゲームコーナー,東京都西東京市西原町4-2-9 
西友リヴィン田無店,東京都西東京市田無町２－１－１ 
にこぱ仙川店,東京都調布市若葉町2-2 島忠ホームズ仙川店2F
アドベンチャーリーフ国領店,東京都調布市国領町８－２－６４ イトーヨーカドー国領店３階
イトーヨーカドー国領店,東京都調布市国領町８－２－６４ 
西友調布店,東京都調布市小島町１－１０－１ 
SEGA青梅新町,東京都青梅市新町5-3-7 プライムビル1 2階
ゲームプレイスHIT IN 河辺,東京都青梅市河辺町10-10-1 
namcoザ・モールみずほ16店,東京都西多摩郡瑞穂町高根623 ザ・モールみずほ16
イオン日の出店,東京都西多摩郡日の出町大字平井237-3 
ドラマ瑞穂町店,東京都西多摩郡瑞穂町大字武蔵３８２－１ 
モーリーファンタジー日の出店,東京都西多摩郡日の出町大字平井字三吉野桜木557番地 イオン3階
ユーズランド日の出店,東京都西多摩郡日の出町平井三吉野桜木557番地 イオンモール日の出3階
西友ザ・モール みずほ16店,東京都西多摩郡瑞穂町大字高根６２３ 
イトーヨーカドー伊勢原店,神奈川県伊勢原市桜台１－８－１ 
タイトーステーションダイエー伊勢原店,神奈川県伊勢原市白根６３０－１ ダイエー伊勢原店内３Ｆ
モラモラ大雄山店,神奈川県南足柄市関本569 ピアゴ大雄山3階モラモラ
イトーヨーカドー厚木店,神奈川県厚木市中町４－１３－１ 
トイザらス厚木店,神奈川県厚木市妻田東３－２５－２４ 
ミリアンパーク厚木店,神奈川県厚木市田村町9-25 
モーリーファンタジー厚木店,神奈川県厚木市中町1-5-10 イオン4階
神奈川レジャーランド厚木店,神奈川県厚木市戸室5-31-1 
イオン大和店,神奈川県大和市都市計画事業渋谷(南部地区)土地区画整理事業地区内74 
イトーヨーカドー大和鶴間店,神奈川県大和市下鶴間１－３－１ 
プレイランド大和鶴間店,神奈川県大和市下鶴間１－３－１ イトーヨーカドー大和鶴間店３階
モーリーファンタジーつきみ野3F店,神奈川県大和市つきみ野町1-6-1 イオン3階
モーリーファンタジー大和店,神奈川県大和市下和田字上ノ原１２１６－１　イオン３階 イオン３階
モーリーファンタジー大和鶴間店,神奈川県大和市下鶴間一丁目2番1号 イオン3階
宝島 大和店,神奈川県大和市つきみ野1-6-1 つきみ野サティ4階
神奈川レジャーランド大和店,神奈川県大和市下鶴間2-1-13 
イトーヨーカドー小田原店,神奈川県小田原市中里２９６－１ 
キッズトレイン小田原店,神奈川県小田原市中里208 ダイナシティウエストモール4階
セガワールド小田原,神奈川県小田原市中里296-1 
トイザらス小田原店,神奈川県小田原市前川１２０ 小田原シティーモールクレッセ２Ｆ
小田原メトロポリス,神奈川県小田原市前川２１９－４ 
タイトーステーション小田原シティーモールクレッセ店,神奈川県小田原市前川120 小田原シティモールクレッセ内2F
AM PIA川崎モアーズ店,神奈川県川崎市川崎区駅前本町7番地 岡田屋モアーズ内1・2階
namcoラゾーナ川崎店,神奈川県川崎市幸区堀川町72-1 LAZONA川崎プラザ4階
こころっこ川崎店,神奈川県川崎市川崎区中瀬３－２０ホ ームズ川崎店内２階こころっこ
らんらんらんど川崎小田栄店,神奈川県川崎市川崎区小田栄2-3-1 
イオン新百合ヶ丘ファミリーパーク,神奈川県川崎市麻生区上麻生1-19 新百合ヶ丘サティ・ビブレ店4F
イオン新百合ヶ丘店,神奈川県川崎市麻生区上麻生1-19 
イトーヨーカドー グランツリー武蔵小杉店,神奈川県川崎市中原区新丸子東3-1135-1 
イトーヨーカドー川崎店,神奈川県川崎市川崎区小田栄２－２－１ 
イトーヨーカドー川崎港町店,神奈川県川崎市川崎区港町１２－１ 
イトーヨーカドー新百合ヶ丘店,神奈川県川崎市麻生区上麻生１－４－１ 
イトーヨーカドー武蔵小杉店,神奈川県川崎市中原区小杉町３－４２０ 
イトーヨーカドー溝ノ口店,神奈川県川崎市高津区久本３－６－２０ 
シルクハット川崎ダイス店,神奈川県川崎市川崎区駅前本町8番地 川崎ダイスビルB2階
セガワールドなっつべりぃ,神奈川県川崎市川崎区港町12-1イトーヨーカドー川崎港町店2F 
ダイエー向ヶ丘店,神奈川県川崎市多摩区登戸2789 
トイザらス川崎高津店,神奈川県川崎市高津区溝口６－１１－１ 
ビックカメララゾーナ川崎店,神奈川県川崎市幸区堀川町７２－１ 
ファミリーランド向ヶ丘店,神奈川県川崎市宮前区平2-3-10 ヤマダ電機２Ｆ
プレイランド川崎店,神奈川県川崎市川崎区小田栄二丁目2-1 イトーヨーカドー川崎3階
ヨドバシカメラマルチメディア川崎ルフロン,神奈川県川崎市川崎区日進町１－１１ ヨドバシカメラ４Ｆ玩具
西友武蔵新城店,神奈川県川崎市中原区上新城２－１２－１ 
遊びっこ広場フォルム川崎宮前店,神奈川県川崎市宮前区犬蔵3-9-12 マルエツ川崎宮前店1階
ＹＡＺ川崎店,神奈川県川崎市幸区小倉１６５８－３５ クロスガーデン川崎１Ｆ
namcoＯＳＣ湘南シティ店,神奈川県平塚市代官町３３番地１ ＯＳＣ湘南シティ内
アミューズメントランドYAZ平塚店,神奈川県平塚市田村1丁目4-26 
トイザらス平塚店,神奈川県平塚市代官町３３－１Ｏ ＳＣ湘南シティ１Ｆ
西友平塚店,神奈川県平塚市東中原１－１－２５ 
アミューズメントパークネバーランド2,神奈川県座間市ひばりが丘4-11-48 
Forkids'+b byこぐま トレッサ横浜店,神奈川県横浜市港北区師岡町700 トレッサ横浜南棟1F
きゃらんどプラザ東戸塚店,神奈川県横浜市戸塚区品濃町537-1 オーロラモール6階
こころっこ長津田店,神奈川県横浜市緑区長津田みなみ台４－６－８ スパービバホーム長津田店２階
そごう 横浜店 8階玩具売場,神奈川県横浜市西区高島2-18-1 
らんらんらんどすすき野店,神奈川県横浜市青葉区すすき野２－５－４ 東急ストアすすき野店内　２Ｆ
らんらんらんどルララ港北店,神奈川県横浜市都筑区中川中央2-2-1 ルララこうほく4F
らんらんらんど戸塚店,神奈川県横浜市戸塚区吉田町884 
アピタ戸塚店,神奈川県横浜市戸塚区上倉田町７６９－１ 
アピタ長津田店,神奈川県横浜市緑区長津田みなみ台４－７－１ 
アミュージアム港北店,神奈川県横浜市都筑区中川中央１－３１－１－５０８０ 
イトーヨーカドーたまプラーザ店,神奈川県横浜市青葉区美しが丘１－６－１ 
イトーヨーカドーららぽーと横浜店,神奈川県横浜市都筑区池辺町４０３５－１ 
イトーヨーカドー上大岡店,神奈川県横浜市港南区上大岡西３－９－１ 
イトーヨーカドー上永谷店,神奈川県横浜市港南区丸山台１－１２ 
イトーヨーカドー横浜別所店,神奈川県横浜市南区別所１－１４－１ 
イトーヨーカドー洋光台店,神奈川県横浜市磯子区洋光台3-10-3 
イトーヨーカドー立場店,神奈川県横浜市泉区中田西１－１－１５ 
イトーヨーカドー綱島店,神奈川県横浜市港北区綱島西２－８－１ 
イトーヨーカドー能見台　キッズ・パーク,神奈川県横浜市金沢区横浜市金沢区能見台東３－１ イトーヨーカドー能見台店内
イトーヨーカドー能見台店,神奈川県横浜市金沢区能見台東３－１ 
イトーヨーカドー鶴見店,神奈川県横浜市鶴見区鶴見中央３－１５－３０ 
キッズプラザきゃらんど立場店,神奈川県横浜市泉区中田西１－１－１５ イトーヨーカドー立場店３階
サクラス戸塚店,神奈川県横浜市戸塚区戸塚町4253-1 サクラス戸塚2F
ザ・サードプラネット港北ニュータウン店,神奈川県横浜市都筑区中川中央1-25―1 ノースポート・モール6階
ジアス上大岡店,神奈川県横浜市港南区上大岡西2-1-28 
スウィーツファクトリーパックン長津田店,神奈川県横浜市緑区長津田みなみ台４－７－１ アピタ長津田２階
セガワールドトレッサ横浜,神奈川県横浜市港北区師岡町700 
タイトーステーション横浜西口五番街店,神奈川県横浜市西区南幸１－１２－９ 
ダイエー三ッ境店,神奈川県横浜市瀬谷区三ッ境7-1 
ダイエー戸塚店,神奈川県横浜市戸塚区吉田町８８４ 
ダイエー東戸塚店,神奈川県横浜市戸塚区品濃町535-1 
ダイエー港南台店,神奈川県横浜市港南区港南台３－１－２ 
ダイエー金沢八景店,神奈川県横浜市金沢区泥亀１－２７－１ 
トイザらス東戸塚店,神奈川県横浜市戸塚区川上町８７－８ 東戸塚西口プラザ２Ｆ
トイザらス港北ニュータウン店,神奈川県横浜市都筑区茅ヶ崎中央１４－１２ キーサウス２Ｆ
ナムコランドWAOこどものくに店,神奈川県横浜市青葉区奈良1-2-1 
ナムコランドキッズららぽーと横浜店,神奈川県横浜市都筑区池辺町4035-1 ららぽーと横浜店2階
ハイテクランドセガＢＲＥＥＺＥ,神奈川県横浜市西区南幸2-13-22 第4宮本ビル
ハローズガーデン天王町店,神奈川県横浜市保土ケ谷区川辺町３ イオン天王町２階
ハローズガーデン本牧店,神奈川県横浜市中区小港町２丁目１００番４ イトーヨーカドー本牧２階２２１
パラダイスシティ,神奈川県横浜市旭区二俣川１－４３－２８ 長崎屋二俣川店５階
ビックカメラ新横浜店,神奈川県横浜市港北区新横浜２－１００－４５ キュ－ビックプラザ新横浜
ピアこばやし杉田東急店,神奈川県横浜市磯子区杉田１－１７－１ 杉田東急３Ｆ
ファミリーランド横浜金沢店,神奈川県横浜市金沢区富岡東２－４－２９ テックランド２階
ファンタスティックジャーニー横浜店,神奈川県横浜市都筑区池辺町４０３５－１ イトーヨーカ堂ららぽーと横浜店２階
プラサカプコン磯子店,神奈川県横浜市磯子区磯子１－１－１ マリコム磯子ショッピングセンター２階
プラボ都筑店,神奈川県横浜市都筑区川和町846-1 
モーリーファンタジー本牧店,神奈川県横浜市中区本牧原7-1 イオン5階
モーリーファンタジー横浜新吉田店,神奈川県横浜市港北区新吉田東八丁目49番1号 イオン2階
ヨドバシカメラマルチメディア京急上大岡,神奈川県横浜市港南区上大岡西１－６－１ 京急百貨店８Ｆ
ヨドバシカメラマルチメディア横浜,神奈川県横浜市西区北幸１－２－７ ６Ｆゲームホビー
ワンダーパーク港北,神奈川県横浜市都筑区茅ケ崎中央5番1号 港北TOKYUS.C.内
西友二俣川店,神奈川県横浜市旭区二俣川２－５２－１ 
西友鶴見店,神奈川県横浜市鶴見区豊岡町２－１ 
ＣＬＵＢＳＥＧＡ新杉田,神奈川県横浜市磯子区杉田1丁目1‐1 らびすた新杉田2F
ＣＬＵＢＳＥＧＡ綱島,神奈川県横浜市港北区綱島西２－６－２９ 
ＮＩＣＯＰＡ四季の森フォレオ店,神奈川県横浜市旭区上白根３－４１－１ 四季の森フォレオ３階
タイトーステーションイトーヨーカドー横浜別所店,神奈川県横浜市南区別所1-115-2 イトーヨーカドー横浜別所店内2F
ダイエー横須賀店,神奈川県横須賀市本町２－１－１２ 
パロ横須賀店,神奈川県横須賀市本町2-1-12 ショッパーズ横須賀店4F
プラサカプコン横須賀店,神奈川県横須賀市若松町２－３０ モアーズシティ４階ゲームコーナー
モーリーファンタジー久里浜店,神奈川県横須賀市久里浜5丁目13-1 イオン3階
リヴィンよこすかキッズ・パーク,神奈川県横須賀市平成町3-21-4 
西友リヴィンよこすか店,神奈川県横須賀市平成町３－２１－４ 
イオン海老名店,神奈川県海老名市中央2-4-1 
タイトーステーション海老名ビナウォーク店,神奈川県海老名市中央１ー１８－１ ビナウォーク６番館２Ｆ
ハローズガーデン海老名店,神奈川県海老名市中央２－４－１ 海老名イオン２階
らんらんらんど上溝店,神奈川県相模原市中央区上溝5-14-19 ダイエー上溝4階
らんらんらんど相模原小山店,神奈川県相模原市中央区小山3-37-1 相模原モール2階
らんらんらんど相模原店,神奈川県相模原市中央区相模原３－９－２１ ダイエー相模原店4F
アドアーズ橋本店,神奈川県相模原市緑区橋本３－３－１ ＳＩＮＧ橋本２階
アピナ橋本店,神奈川県相模原市緑区西橋本5-1-1 ラ・フロール駐車場棟1階
イオン相模原店,神奈川県相模原市南区古淵2-10-1 
イトーヨーカドー　アリオ内橋本店,神奈川県相模原市緑区大山町１－２２ 
イトーヨーカドー古淵店,神奈川県相模原市南区古淵３－１３－３３ 
イトーヨーカドー相模原店,神奈川県相模原市南区松が枝町１７－１ 
エブリデイFUNハウスこころっこアリオ橋本店,神奈川県相模原市緑区大山町１－２２ アリオ橋本店２階(235区画)　エブリデイFUNハウス
コピオ相模原インター店,神奈川県相模原市緑区川尻1447-5 コピオ相模原インター店
サガミ堂,神奈川県相模原市中央区陽光台3-6-7 
セガワールド古淵,神奈川県相模原市南区古淵3-13-33 イトーヨーカドー古淵店3F
ナムコランドイオン相模原店,神奈川県相模原市南区古淵2-10-1 イオン相模原店内
ニコパ相模原店,神奈川県相模原市南区大野台6-1-1 ニトリモール相模原3F
ビックカメラ相模大野店,神奈川県相模原市南区相模大野３－８－１ 相模大野ステーションスクエアＢ館６階
モーリーファンタジー相模原店,神奈川県相模原市南区古淵2-10-1 イオン3階
ファミリーランド渋沢店,神奈川県秦野市平沢３０７－１ ダイクマ渋沢店１階
モーリーファンタジー秦野店,神奈川県秦野市入船町12-1 イオン2階
ハローズガーデン綾瀬店,神奈川県綾瀬市深谷3734-1 綾瀬タウンヒルズショッピングセンター2階
イオン茅ヶ崎中央店,神奈川県茅ヶ崎市茅ヶ崎3-5-16 
モーリーファンタジー茅ヶ崎中央店,神奈川県茅ヶ崎市茅ケ崎3丁目5番16号 イオン3階
モーリーファンタジー茅ヶ崎店,神奈川県茅ヶ崎市茅ヶ崎2-7-71 イオン2階
MrMax湘南藤沢店,神奈川県藤沢市辻堂新町４－３－５ ＭｒＭａｘ湘南藤沢ショッピングセンター
イトーヨーカドー湘南台店,神奈川県藤沢市石川６－２－１ 
ドラマ藤沢店,神奈川県藤沢市本藤沢５－６－８ 
ハローズガーデン湘南とうきゅう,神奈川県藤沢市遠藤字滝ノ沢６９８－１０ 湘南とうきゅう２Ｆ
ビックカメラ藤沢店,神奈川県藤沢市藤沢５５９ 
楽市楽座湘南藤沢店,神奈川県藤沢市辻堂新町4-3-5 MrMAX湘南藤沢ショッピングセンター2階
ＳＯＹＵＬＡＧＯＯＮ湘南店,神奈川県藤沢市辻堂新町４－１－１ 湘南モールフィル２階
AMPIA大船店,神奈川県鎌倉市大船1-24 大船駅前ビル1-3F
イトーヨーカドー大船店,神奈川県鎌倉市大船６－１－１ 
イトーヨーカドー大船店内プレビプレイランド店,神奈川県鎌倉市大船６－１－１ イトーヨーカドー大船店内 プレビプレイランドコーナージャンボリー
西友二宮店,神奈川県中郡二宮町中里２－６－２８ 
スーパーアルプス愛川店,神奈川県愛甲郡愛川町角田580 
エスポット湯河原店,神奈川県足柄下郡湯河原町吉浜1576-47 
イオン三条店,新潟県三条市西裏館2-12-20 
ウオロク興野店,新潟県三条市興野1-16-31 
こころっこバロー上越モール店,新潟県上越市樋場新町土地区画整理事業地内16街区33外 バロー上越モール内
アピナ上越インター店,新潟県上越市下門前1661 
イオン上越店,新潟県上越市富岡3457 
イトーヨーカドー直江津店,新潟県上越市西本町３－８－８ 
カラーワールド上越店,新潟県上越市下門前薬島８３２－１ 
モーリーファンタジー上越店,新潟県上越市富岡3458番地 アコーレ2階
上越レジャーランボウル,新潟県上越市下門前薬島827-2 
ウオロク五泉店,新潟県五泉市今泉930 
らんらんらんど十日町店,新潟県十日町市旭町１６１ リオン・ドール十日町店1F
モーリーファンタジー十日町店,新潟県十日町市字川端丑784-1 イオン1階
モーリーファンタジー六日町店,新潟県南魚沼市余川3100 イオン2階
モーリーファンタジー上越新井店,新潟県妙高市栗原4-7-11 新井ショッピングセンター1階
モーリーファンタジー小千谷店,新潟県小千谷市大字平沢新田字荒田339 イオン2階
PLANT-5横越店,新潟県新潟市江南区横越中央8-2-2 
アピタ新潟亀田店,新潟県新潟市江南区鵜ノ子４－４６６ 
アピタ新潟西店,新潟県新潟市西区小新４７４ 
イオン新潟南店,新潟県新潟市江南区下早通柳田1 
イオン新潟東店,新潟県新潟市東区大形本町3-1-2 
イオン新潟西店,新潟県新潟市西区小新南２－１－１０ 
イトーヨーカドー丸大新潟店,新潟県新潟市中央区本町通り６－１１２２－１ 
ウオロクスーパーセンター新津店,新潟県新潟市秋葉区新津5163-3 
ウオロク巻店,新潟県新潟市西蒲区巻甲4862 
カプコサーカス新潟東店,新潟県新潟市東区大形本町３－１－２ イオンシティ新潟東店内
ソユーゲームフィールド白根店,新潟県新潟市南区能登409-2 イオン白根店内
タイトーFステーションイオン新潟西店,新潟県新潟市西区小新南2-1-10 イオン新潟西店3F
デッキー401ファミリーパーク,新潟県新潟市中央区上近江4-12-20 Dekky401 2階
ハローズガーデン　新潟亀田店,新潟県新潟市江南区鵜ノ子4-466 アピタ新潟亀田店2F
ハローズガーデン新潟西店,新潟県新潟市西区小新白鳥４７４ アピタ新潟西店２階
ビックカメラ新潟店,新潟県新潟市中央区花園１－１－２１ ＣｏＣｏＬｏ南館内
ベイシア豊栄店ファミリーランドあそびのくに,新潟県新潟市北区かぶとやま2-1-62 
メジャーロード黒埼店,新潟県新潟市西区山田3303 
モーリーファンタジー・f 新潟南店,新潟県新潟市江南区下早通柳田1丁目1番1号 イオンモール2階
モーリーファンタジー新潟南店,新潟県新潟市江南区下早通柳田1丁目1番1号 イオン3階
モーリーファンタジー新潟東店,新潟県新潟市東区大形本町3-1-2 イオン3階
モーリーファンタジー新潟青山店,新潟県新潟市西区青山2-5-1 イオン3階
ヨドバシカメラ新潟店,新潟県新潟市中央区花園１－１－１ 
イオン新発田店,新潟県新発田市住吉町5-11-5 
ウオロク新発田コモ店,新潟県新発田市舟入町3-12-11 
ウオロク緑店,新潟県新発田市緑町3-3-23 
ソユー新発田,新潟県新発田市住吉町5-11-5 イオン新発田SC2F
モーリーファンタジー新発田店,新潟県新発田市住吉町5丁目11番5号 イオン2階
MEGAドン・キホーテ柏崎店,新潟県柏崎市東長浜町４－１５ 
イトーヨーカドー丸大柏崎店,新潟県柏崎市駅前２－３－７ 
ナムコランド MEGA ドン・キホーテ柏崎店,新潟県柏崎市東長浜町4-15 MEGAドンキホーテ2F
イオン県央店,新潟県燕市井土巻3-65 
オーケーコーラル,新潟県燕市佐渡２８５３ 
タイトーステーション燕三条店,新潟県燕市井土巻３－１５０ 県央サティーアメニティ棟１階
モーリーファンタジー県央店,新潟県燕市井土巻3-65 イオン2階
PLANT-5見附店,新潟県見附市上新田町725-1 
メジャーロード24,新潟県見附市今町4丁目20番地568番地1 
アピタ長岡店,新潟県長岡市千秋２－２７８ サバーサイド千秋
アピナ長岡店,新潟県長岡市堺東町２２ 
イオン長岡店,新潟県長岡市古正寺１－２４９－１ 
イトーヨーカドー丸大長岡店,新潟県長岡市城内町２－３－１２ 
ウオロク長岡店,新潟県長岡市日赤町2-6-1 
トイザらス長岡店,新潟県長岡市川崎町１４３６－５ 
トッピー内ムーサンパーク,新潟県長岡市楡原408 トッピー内ムーサンパーク
ナムコランドイオン長岡店,新潟県長岡市古正寺1丁目249番1 イオン長岡店内
ハローズガーデン長岡店,新潟県長岡市千秋２－２７８ アピタRIVERSIDESENSHU長岡店２階
プラボ長岡店,新潟県長岡市堺町字浦田31番地 アークガレリア長岡
夢大陸長岡店,新潟県長岡市喜多町392-1 
アピタ富山店,富山県富山市上袋１００ 
アピタ富山店ナムコランド,富山県富山市上袋100番地 アピタ富山店　２階
アピタ富山東店,富山県富山市上冨居３１０－１ 
アピナ富山南,富山県富山市堀川町355-3 マイプラザ内
アピナ富山新庄店,富山県富山市荒川3-2-12 
アピナ富山豊田店,富山県富山市豊田町２－１２－６６ 
キッズサーカス五福,富山県富山市五福1143-1 アリスショッピングセンター2階
ゲームインさんしょう二口店,富山県富山市二口町5-9-8 
タイトーステーションファボーレ婦中店,富山県富山市婦中町下轡田165-1 フィーチャーシティファボーレ2階
トヤマレジャーランド呉羽店,富山県富山市高木2054 
平和堂アル・プラザ富山,富山県富山市婦中町下轡田１６５－１ 
ｎａｍｃｏアピタ富山東店,富山県富山市上冨居３－８－３８ アピタ富山東店２Ｆ
モーリーファンタジー小杉店,富山県射水市三ヶ2602 アル・プラザ小杉2階
平和堂アル・プラザ小杉,富山県射水市三ヶ２６０２ 
PLANT-3滑川店,富山県滑川市上島460-1 
アピタ砺波店,富山県砺波市太郎丸４７８９－１ 
ゲットゲーム佐野店,富山県高岡市西藤平蔵1256-1 
トイザらス高岡店,富山県高岡市下伏間江３８３ イオンモ－ル高岡１Ｆ
ドン・キホーテ高岡店,富山県高岡市六家1276-2 
モーリーファンタジー高岡南店,富山県高岡市下伏間江383 イオン2階
モーリーファンタジー高岡店,富山県高岡市江尻331-1 イオン1階
ユーズランド高岡店,富山県高岡市下伏間江383 イオンモール高岡店2階
アピタ魚津店,富山県魚津市住吉６００ 
ナムコランドアピタ魚津店,富山県魚津市住吉６００番地 アピタ魚津店２Ｆ
アピタ黒部店,富山県黒部市前沢１０１７－４ 
アイカツ!オフィシャルショップ イオンモールかほく店,石川県かほく市内日角タ25番 
バイパスレジャーランド宇ノ気店,石川県かほく市森子85 
モーリーファンタジーかほく店,石川県かほく市内日角地内タ25番 イオン2階
バイパスレジャーランド加賀店,石川県加賀市箱宮町ヲ１－１ 
平和堂アル・プラザ加賀,石川県加賀市作見町ル２５－１ 
イオン小松店,石川県小松市平面町ア69 
平和堂アル・プラザ小松,石川県小松市園町八２３－１ 
アピタ松任店,石川県白山市幸明町２８０ 
イオン松任店,石川県白山市平松町102-1 
バイパスレジャーランド松任２号店,石川県白山市水澄町177 
モーリーファンタジー松任店,石川県白山市平松町102-1 イオン2階
NAMCOLAND輪島,石川県輪島市宅田町45-1 
アピナ野々市店,石川県野々市市白山町4-1 イオンタウン野々市店内
モーリーファンタジー・f 御経塚店,石川県野々市市御経塚2丁目91番地 イオン1階
アミューズアイランド金沢店,石川県金沢市福久2-58 イオン金沢3階
セガイオンタウン金沢示野,石川県金沢市示野中町87街区2号 
セガワールド金沢,石川県金沢市諸江町30-1 アル・プラザ金沢2階
バイパスレジャーランド藤江本店新館,石川県金沢市藤江南２丁目１０５ 第二ビル１階
バローランド大桑店,石川県金沢市大桑3-114 バロー大桑店1階
モーリーファンタジー杜の里店,石川県金沢市もりの里1丁目70番地 イオン2階
平和堂アル・プラザ金沢,石川県金沢市諸江町３０－１ 
金沢メトロポリス,石川県金沢市無量寺第二土地区画整理事業地内20街区 
平和堂アル・プラザ津幡,石川県河北郡津幡町北中条１－１ 
アルプラザ鹿島店ナムコランド,石川県鹿島郡中能登町と１－１ アルプラザ鹿島店２階
平和堂アル・プラザ鹿島,石川県鹿島郡中能登町井田と１－１ 
オモローランドイ-ザ店,福井県坂井市三国町三国東5-1-20 ショッピングワ-ルドイ-ザ1F
平和堂アル・プラザアミ,福井県坂井市春江町随応寺第１６－１１ 
namcoアピタ敦賀店,福井県敦賀市中央町一丁目5番5号 アピタ敦賀店2F
アピタ敦賀店,福井県敦賀市中央町１－５－５ 
平和堂アル・プラザ敦賀,福井県敦賀市白銀町１１－５ 
namcoフェアモール福井大和田店,福井県福井市大和田町第32号23番地 アピタ福井大和田店2F
らんらんらんど福井,福井県福井市松城町12-7 パリオCITY 2F
アピタ福井大和田店,福井県福井市大和田町第３２号３２ 
ジョイランドベル店,福井県福井市花堂南２丁目１６－１ 
ジョーシン福井本店,福井県福井市高柳町３８－２８ 
トイザらス福井店,福井県福井市松城町１２－７ パリオシティ３Ｆ
ドン・キホーテ福井大和田店,福井県福井市大和田町12-7 
ナムコランドアピタ福井店,福井県福井市飯塚町11-111 アピタ福井店2階
レッツワクワク　エルパ店,福井県福井市大和田町第３２－２４－１ 
平和堂アル・プラザベル,福井県福井市花堂南２－１６－１ 
福井メトロポリス,福井県福井市大和田町30-17 
福井レジャーランドワイプラザ店,福井県福井市新保町7-9-1 ヤスサキワイプラザB棟2階
らんらんらんど武生店,福井県越前市横市町28-14-1 エスカモール武生楽市店1F
キッズサーカスシピィ店,福井県越前市新町７－８ シピィ内２Ｆ
セガワールド武生,福井県越前市新町3字13-4 
モーリーファンタジー鯖江店,福井県鯖江市下河端16字下町16-1 アル・プラザ鯖江2階
平和堂アル・プラザ鯖江,福井県鯖江市下河端町１６－１６－１ 
PLANT-2上中店,福井県三方上中郡若狭町脇袋11-12-1 
ナムコランド　リバーシティ店,山梨県中央市山ノ神１１２２ オギノリバーシティＳＣ内
ハローズガーデン田富店,山梨県中央市山之神１３８３－９ アピタ田富店２階
らんらんらんど南アルプス店,山梨県南アルプス市小笠原1423-1 トライアル南アルプス店地下1階
ダイエー大月店,山梨県大月市御太刀１－１３－２９ 
プレイタウンパルQ-STA店,山梨県富士吉田市上吉田2-5-1 富士山駅ビルショッピングセンター Q-STA内
スタジオプリモ 甲府店,山梨県甲府市丸の内1-16-20 ココリ2F
岡島甲府店プレイランド,山梨県甲府市丸の内1-21-15 岡島甲府店内
アピタ双葉店,山梨県甲斐市志田６４５－１ 
タイトーFステーションラザウォーク甲斐双葉店,山梨県甲斐市志田字柿木616-1 ラザウォークアミューズメント棟1F
アピタ石和店,山梨県笛吹市石和町窪中島１５４ 
ハローズガーデン石和店,山梨県笛吹市石和町窪中島１５４ アピタ石和店２階
モーリーファンタジー石和店,山梨県笛吹市石和町松本塚ノ越221-1 イオン3階
わいわいランド 甲府昭和店,山梨県中巨摩郡昭和町西条13-1 イトーヨーカドー甲府昭和店2階
イトーヨーカドー甲府昭和店,山梨県中巨摩郡昭和町西条１３－１ 
モーリーファンタジー甲府昭和店,山梨県中巨摩郡昭和町常永土地区画整理地内1街区 イオン3階
楽市楽座イオンモール甲府店,山梨県中巨摩郡昭和町常永土地区画整理内１街区 
アミュージアム河口湖店,山梨県南都留郡富士河口湖町船津2986 河口湖SCベル3F
namcoアリオ上田店,長野県上田市天神3丁目ー1-1街区他 
アピナ上田,長野県上田市秋和359-1 
イオン上田店,長野県上田市常田2-12-18 
イトーヨーカドー　アリオ内上田店,長野県上田市天神３－５－１ 
セガワールド上田,長野県上田市大字上田1847-1 
モーリーファンタジー上田店,長野県上田市常田2-12-18 イオン2階
モーリーファンタジー中野店,長野県中野市大字一本木252-1 イオン2階
アピタ伊那店,長野県伊那市大字伊那字下川原５１９８ 
アピナ伊那店,長野県伊那市西町５０９３ 
namcoイオン佐久平店,長野県佐久市佐久平駅南11番地10 イオン佐久平店内
アピナ佐久インター店,長野県佐久市岩村田北1-13-1 
イオン佐久平店,長野県佐久市佐久平駅南11-10 
パロパロ佐久店,長野県佐久市岩村田6-2 ステーションパーク・佐久1F・2F
ベイシア更埴店,長野県千曲市大字桜堂字西神330-1 
アピナ塩尻店,長野県塩尻市広丘野村１７９４－１ 
アピナ穂高店,長野県安曇野市穂高２４５０ 
セガワールド豊科,長野県安曇野市豊科南穂高1115 
モーリーファンタジー豊科店,長野県安曇野市豊科4272-10 イオン2階
ＡＧスクエア岡谷店,長野県岡谷市塚間町２－１－２１ 
アピナ松本店,長野県松本市双葉１９－１０ 
イトーヨーカドー南松本店,長野県松本市高宮中１－２０ 
セガ松本店,長野県松本市渚1-7-1 
トイザらス・ベビーザらス　松本店,長野県松本市芳川村井町１１５０－３ 
モーリーファンタジー南松本店,長野県松本市双葉5-20 イオン2階
パロ諏訪,長野県諏訪市沖田町５丁目１８ 中央自動車道諏訪ＩＣ横ステーションパーク内
MEGAドン・キホーテ長野店,長野県長野市高田１７５８ 
アピナ川中島店,長野県長野市川中島町御厨９６７－１ 
アピナ長野スカイバッティングセンター,長野県長野市若里7-3-8 
アピナ長野大橋店,長野県長野市若里７－９－１２ 
アピナ長野村山店,長野県長野市村山５０２－１ 
イトーヨーカドー長野店,長野県長野市権堂町２２０１ 
ソユーゲームフィールド イオンタウン長野三輪店,長野県長野市三輪九丁目43番24号 イオンタウン長野三輪店2
トイザらス長野店,長野県長野市高田１１７４ ヤングファラオ２Ｆ
ファンタジープラザ長野,長野県長野市高田１７５８ ＭＥＧＡドン・キホーテ長野店２階
西友川中島店,長野県長野市川中島町今井１８１４－１ 
アピタ飯田店,長野県飯田市鼎名古熊２４６１ 
モーリーファンタジー飯田アップルロード店,長野県飯田市鼎一色456 イオン2階
モーリーファンタジー飯田店,長野県飯田市上郷飯沼1575 イオン2階
アピタ高森店,長野県下伊那郡高森町山吹４５１５ 
タイトーステーションアイシティ２１松本店,長野県東筑摩郡山形村７９７７ アイシティ２１内
プレイランドピエロ諏訪,長野県諏訪郡下諏訪町 南四王6133 イオン諏訪店1F
アピタ中津川店,岐阜県中津川市淀川町３－８ 
アピタ中津川店キッチン・スタジアム,岐阜県中津川市淀川町3番8号 アピタ中津川店内(2階) 
ファンタジックランド可児店,岐阜県可児市下恵土５７５０ ＰＡＴＩＯ３階
namcoイオンモール各務原店,岐阜県各務原市那加萱場町3丁目8番地 イオン各務原SC2F
アピタ各務原店,岐阜県各務原市鵜沼各務原町８－７ 
イオン各務原店,岐阜県各務原市那加萱場町3-8 
トイザらス・ベビーザらス各務原店,岐阜県各務原市那加萱場町3-8 イオンモール各務原 3階 
モーリーファンタジー各務原店,岐阜県各務原市那加萱場町3-8 イオン3階
G-SQUAREピアゴ多治見,岐阜県多治見市住吉町3丁目19番地の1 
セガワールド多治見,岐阜県多治見市住吉町1-1-1 
KOKADO TOWN 大垣店,岐阜県大垣市外野2-100 イオンモール大垣店2F
にこぱアクアウォーク大垣店,岐阜県大垣市林町6-80-21 アクアウォーク大垣２Ｆ
アピタ大垣店,岐阜県大垣市林町６－８０－２１ 
カラフルパーク大垣店,岐阜県大垣市三塚町丹瀬463-1 イオンタウン大垣EAST棟
セガワールドアクアウォーク大垣,岐阜県大垣市林町6-80-21 
モーリーファンタジー大垣店,岐阜県大垣市外野2丁目100番 イオン2階
大垣メトロポリス,岐阜県大垣市三塚町西沼523-1 
平和堂アル・プラザ鶴見,岐阜県大垣市鶴見町６４１－２ 
平和堂高富店,岐阜県山県市高木１４７３ 
namcoカラフルタウン岐阜店,岐阜県岐阜市柳津町丸野３－３－６ カラフルタウン岐阜内
アピタ岐阜店,岐阜県岐阜市加納神明町６－１ 
イトーヨーカドー柳津店,岐阜県岐阜市柳津町丸野３－３－６ 
トイザらス岐阜店,岐阜県岐阜市正木中１－２－１ マーサ２１１Ｆ
モーリーファンタジー岐阜店,岐阜県岐阜市正木中1-2-1 マーサ21北館 イオン3F
ラウンドワンモレラ岐阜店,岐阜県本巣市三橋1100 
岐阜レジャーランド真正店,岐阜県本巣市政田１３３１番地 
G-SQUAREピアゴ瑞浪店,岐阜県瑞浪市薬師町2-72 
PLANT-6瑞穂店,岐阜県瑞穂市犀川5-38 
岐阜レジャーランド穂積店,岐阜県瑞穂市稲里630番地 
アピタ美濃加茂店,岐阜県美濃加茂市野笹町２－５－６５ 
マンタ,岐阜県美濃加茂市野笹町２丁目5-65 アピタ美濃加茂店内２階
ドナリアコット羽島店,岐阜県羽島市小熊町島1-46 羽島ウイング151店2階
バローランド羽鳥,岐阜県羽島市江吉良町2939 ホームセンターバロー羽鳥インター店
セガワールドソニックタウン関,岐阜県関市倉知516番地 
モーリーファンタジー関店,岐阜県関市倉知516 サンサンシティ マーゴ イオン1階
アピタ飛騨高山店,岐阜県高山市国府町金桶４１ 
アピタ御嵩店,岐阜県可児郡御嵩町上恵土１０５２番１ 
Ｇ－ＳＱＵＡＲＥラスパ御嵩店,岐阜県可児郡御嵩町上恵土字西畑１０５２番地１ ラスパ御嵩店２階
平和堂大野店,岐阜県揖斐郡大野町大字黒野字上柿木１２－１ 
アピタ北方店,岐阜県本巣郡北方町平成２－３ 
イトーヨーカドー三島店,静岡県三島市中田町９－３０ 
ファミリーランド三島店,静岡県三島市中田町9-30 イトーヨーカドー三島店3F
ミシマトイス,静岡県三島市本町３－３５ 
アピタ伊東店,静岡県伊東市玖須美元和田７２０－１４３ 
アピタ大仁店,静岡県伊豆の国市吉田字九十分１５３－１ 
イオン富士宮店,静岡県富士宮市浅間町1-8 
タイトーＦステーションイオン富士宮店,静岡県富士宮市浅間町1番8号 イオン富士宮ショッピングセンター3階
モーリーファンタジー富士宮店,静岡県富士宮市浅間町1-8 イオンモール2階
アピタ富士吉原店,静岡県富士市国久保２－１－１０ 
エディオンクロスガーデン富士中央店,静岡県富士市中央町3-13-7 クロスガーデン富士中央2階
ザ・サードプラネット富士店,静岡県富士市永田町２－９９ 
ハローズガーデン富士吉原店,静岡県富士市国久保２－１－１０ アピタ富士吉原店２F
モーリーファンタジー・f 富士南店,静岡県富士市鮫島118-10 イオンタウン2階
夢大陸お宝中古市場富士本店,静岡県富士市中里2588-2 
西友富士今泉店,静岡県富士市今泉３－５－１ 
LAND島田店,静岡県島田市中溝町2531 
アピタ島田店,静岡県島田市宝来町８－２ 
ハローズガーデン島田店,静岡県島田市宝来町8-2 アピタ島田店2階
ACT御殿場店,静岡県御殿場市東山字石橋296-1 
BANDAI ａｓｏｂｉ：御殿場店,静岡県御殿場市深沢１３１２ 御殿場プレミアムアウトレット２０４０
らんらんらんど御殿場店,静岡県御殿場市萩原６３６番地 サンサンプラザ3F
ザ・サードプラネット御殿場インター店,静岡県御殿場市東田中１０６６－１ 
AGスクエア掛川,静岡県掛川市細田248 
アピタ掛川店,静岡県掛川市大池２２８６ 
シートピアＹＡＺ大須賀店,静岡県掛川市西大渕３３５９ ロックタウン内
イトーヨーカドー沼津店,静岡県沼津市高島本町１－５ 
キッズトレイン沼津南店,静岡県沼津市西島町10番1号 マックスバリュ沼津南店
ザ・サードプラネットＢｉＶｉ沼津店,静岡県沼津市大手町１－１－５ 
ジョイランドアミューズ諏訪店,静岡県沼津市大諏訪叶20-2 
西友沼津店,静岡県沼津市大岡１３３０－１ 
ぷれいらんど373浜松店,静岡県浜松市南区東若林町１１－１ ＭＥＧＡドン・キホーテ浜松可美店２階
アピタ初生店,静岡県浜松市初生町626-1 
アピタ浜北店,静岡県浜松市浜北区貴布祢１２００ 
イオン浜松市野店,静岡県浜松市東区天王町1981-3 
ザ・サードプラネット浜松プラザ店,静岡県浜松市東区上西町１０２０－１ 
タイトーFステーションイオンモール浜松市野店,静岡県浜松市東区天王町1981-3 イオンモール浜松市野2F 
タイトーアピタ初生店,静岡県浜松市北区初生町626-1 
タイトーステーション新浜松ザザシティ店,静岡県浜松市中区鍛冶町１５ サザンシティ浜松西館
タイトーＦステーションプレ葉ウォーク浜北,静岡県浜松市浜北区貴布祢１２００番地 
ビックカメラ浜松店,静岡県浜松市中区砂山町３２２－１ 
ピアゴ浜松泉町店,静岡県浜松市泉1-6-1 
プラサカプコン志都呂店,静岡県浜松市西区志都呂町５６０５ イオンモール浜松志都呂３階
ポート24浜松店,静岡県浜松市西区坪井町4183 
モーリーファンタジー浜松市野店,静岡県浜松市東区天王町字諏訪1981-3 イオン2階
モーリーファンタジー浜松志都呂店,静岡県浜松市西区志都呂町5605番地 イオン3階
モーリーファンタジー浜松西店,静岡県浜松市西区入野町6244-1 イオン3階
楽市楽座サンストリート浜北店,静岡県浜松市浜北区平口2861 サンストリート浜北内 M-207
西友浜北店,静岡県浜松市浜北区平口２８６１ 
西友浜北店キッズパーク,静岡県浜松市浜北区平口2861 西友浜北店1階
Ｇ－すくうぇあプレ葉ウォーク浜北店,静岡県浜松市浜北区貴布祢１２００ プレ葉ウォーク浜北店２階
ＹＡＺＷＯＲＬＤ浜松葵店,静岡県浜松市中区葵西２－２７－１０ ロックタウン内
イオン焼津店,静岡県焼津市祢宜島555 
ザ・サードプラネット焼津,静岡県焼津市八楠3-18-5 
ジョーシン焼津インター,静岡県焼津市越後島385 
ケイ・キャットイオンタウン磐田店,静岡県磐田市西貝塚３６９０ イオンタウン磐田内
ナムコランドららぽーと磐田,静岡県磐田市高見丘１２００番地 ららぽーと磐田 ２階
ＡＧスクエア磐田店,静岡県磐田市下万能４１３ 
アピタ藤枝店,静岡県藤枝市田沼１－１８－１ 
ＬＡＮＤ藤枝店,静岡県藤枝市前島１－７－１０ ＢｉＶｉ藤枝４階
AGスクエア 袋井店,静岡県袋井市川井1142-1 
らんらんらんど袋井店,静岡県袋井市新池原川田1158-1 ピアゴ袋井店2階
モーリーファンタジー袋井店,静岡県袋井市上山梨4丁目1番地の1 イオン2階
らんらんらんど裾野店,静岡県裾野市佐野1039 セイフー(グルメシティ関東)裾野店内1階
MARK IS 静岡店,静岡県静岡市葵区柚木191 MARK IS静岡3階
SUPERWAVE静岡店,静岡県静岡市駿河区中吉田15-8 
らんらんらんど清水高橋店,静岡県静岡市清水区高橋5-1-1 ピアゴ清水高橋B1
アピタ静岡店,静岡県静岡市駿河区石田１－５－１ 
アミュージアム清水店,静岡県静岡市清水区入船町１３－１５ 
イオン清水店,静岡県静岡市清水区上原1-6-16 
イトーヨーカドー静岡店,静岡県静岡市駿河区曲金３－１－５ 
エスポット清水天王店,静岡県静岡市清水区天王南2-1 
カバロ静岡店,静岡県静岡市駿河区曲金3-1-5 イトーヨーカドー静岡店内カパロ
ザ・サードプラネットフレスポ静岡店,静岡県静岡市清水区鳥坂860 
ザ・サードプラネット静岡インター店,静岡県静岡市駿河区中野新田３８３－３ 
セガワールド静岡,静岡県静岡市葵区七間町4-2 静活ボウリングビル1、2F
ソユー竜宮タウン静岡店,静岡県静岡市駿河区石田１―５―１ アピタ静岡ショッピングセンターソユー竜宮タウン
タイトーFステーション静岡店,静岡県静岡市葵区呉服町二丁目5番地4 ふしみや第2ビル
モーリーファンタジー清水店,静岡県静岡市清水区上原1-6-16 イオン2階
ＡＧスクエア清水店,静岡県静岡市清水区駒越北町8-1 ベイドリーム清水
ＬＡＮＤ静岡西脇店,静岡県静岡市駿河区西脇１１－１ 
げーむdo！サントムーンアネックス店,静岡県駿東郡清水町伏見泉頭５８－１ サントムーンアネックス３階げーむｄｏ
エディオン柿田川店,静岡県駿東郡清水町伏見５８－１ 
セガワールドサントムーン,静岡県駿東郡清水町玉川61-2 
タイトーステーションウェルディ長泉店,静岡県駿東郡長泉町下長窪字城山1076 ウェルディ長泉2F
イオン三好店,愛知県みよし市三好町青木91 
トイザらス三好店,愛知県みよし市三好町青木９１ イオン三好店２Ｆ
モーリーファンタジー三好店,愛知県みよし市三好町青木91番地 イオン2階
namcoテラスウォーク一宮店,愛知県一宮市両郷町1-2 テラスウォーク一宮2F
アピタ一宮店,愛知県一宮市両郷町1丁目6番地 
アピタ木曽川店,愛知県一宮市木曽川町黒田八ノ通り５１－４ 
イオン木曽川店,愛知県一宮市木曽川町黒田字南八ツケ池25番1 
ゲームゾーン,愛知県一宮市羽衣町2-5-1 
セガイオンモール木曽川,愛知県一宮市木曽川町黒田字南八ツケ池25-1 ダイヤモンドシティ・キリオ3F
セガワールド尾西,愛知県一宮市篭屋3-9-7 アソビックス尾西
トイザらス木曽川店,愛知県一宮市木曽川町黒田字南八ツヶ池２５－１ イオンモ－ル木曽川キリオ１Ｆ
ハローズガーデン尾西店,愛知県一宮市小信中島東鵯平59 ピアゴ尾西店 2階 
モーリーファンタジー木曽川店,愛知県一宮市木曽川町黒田字南南八ツケ池25-1 イオン2階
アピタ刈谷店,愛知県刈谷市南桜町２－５６－１ 
イトーヨーカドー刈谷店,愛知県刈谷市高倉町２－６０１ 
ザ・ビッグエクストラ刈谷店,愛知県刈谷市東境町京和1 
セガイオンタウン刈谷,愛知県刈谷市東境町京和1 
楽市街道名古屋店,愛知県北名古屋市中之郷字神明４５－１ 楽市街道名古屋店内
サムソン半田店,愛知県半田市乙川吉野町９ パワードーム半田Ｂ１階
ジョーシン半田店,愛知県半田市浜田町３－８－１ 
モーリーファンタジー半田店,愛知県半田市有楽町8-7 イオン2階
半田メトロポリス,愛知県半田市旭町3-11 
にこぱなるぱーく,愛知県名古屋市緑区浦里3-232 
らんらんらんどメイトピア店,愛知県名古屋市名東区高間町５０１－１ ダイエーメイトピア店2F
アズパークファミリータウン,愛知県名古屋市中川区新家１丁目２４２１番地 アズパークＳＣ２Ｆ
アピタ千代田橋店,愛知県名古屋市千種区千代田橋２－１－１ 
アピタ名古屋北店,愛知県名古屋市北区辻町９－１ 
アピタ名古屋北店スタジアム,愛知県名古屋市北区辻町9-1 アピタ名古屋北店内３階
アピタ名古屋南店,愛知県名古屋市南区豊田４－９－４７ 
アピタ新守山店,愛知県名古屋市守山区新守山２８３０ 
アピタ港店,愛知県名古屋市港区当知２－１５０１ 
アピタ鳴海店,愛知県名古屋市緑区鳴海町伝治山３－９ 
アーバンスクエア大須店,愛知県名古屋市中区大須3丁目30番地31号 
イオンナゴヤドーム前店,愛知県名古屋市東区矢田南4-102-3 
イオンワンダーシティ店,愛知県名古屋市西区二方町40 
イオン千種店ゲームコーナー,愛知県名古屋市千種区千種2-16-13 イオン千種SC2F
イオン名古屋みなと店,愛知県名古屋市港区品川町2-1-6 
イオン守山店,愛知県名古屋市守山区笹ヶ根3-1228 
イオン新瑞橋店,愛知県名古屋市南区菊住1-7-10 
イオン熱田店,愛知県名古屋市熱田区六野1-2-11 
カラフルパーク有松店,愛知県名古屋市緑区鳴海町有松裏200 
サムソン千代田橋店,愛知県名古屋市千種区千代田橋２－１－１ アピタ千代田橋３階
ジョイスクエア緑店,愛知県名古屋市緑区徳重２丁目２０１ アピタ緑２階
セガイオンタウン名西,愛知県名古屋市西区香呑町6-49-1 
タイトーステーション大須店,愛知県名古屋市中区大須3-20-7 
ダイエー上飯田店,愛知県名古屋市北区織部町１ 
トイザらス名古屋みなと店,愛知県名古屋市港区砂美町１－５ ニトリみなとＳＣ２Ｆ
トイザらス名古屋中川店,愛知県名古屋市中川区新家１－２４２１ アズパーク２Ｆ
ナムコランドイオン大高店,愛知県名古屋市緑区大高町字奥平子１番１ イオン大高ショッピングセンター４階
ナムコ・縁起町一丁目,愛知県名古屋市熱田区六野1-2-11 イオン熱田ショッピングセンター内
ビックカメラ名古屋駅西店,愛知県名古屋市中村区椿町６－９ 
ファンタジックランド太平通店,愛知県名古屋市中川区宮脇町２－１１ ヨシヅヤ太平通店内
ファンタジープラザ名古屋店,愛知県名古屋市北区玄馬町234-1 CROSSTOWNドン・キホーテ名古屋本店2F
フタバ図書TERAワンダーシティ,愛知県名古屋市西区二方町40 
プラボナゴヤドーム前店,愛知県名古屋市東区矢田南四丁目１０２番３ イオンナゴヤドーム前３Ｆ
モーリーファンタジーナゴヤドーム前店,愛知県名古屋市東区矢田南4丁目102番地の3 イオン3階
モーリーファンタジーワンダーシティ店,愛知県名古屋市西区二方町40 イオン3階
モーリーファンタジー・f 新瑞橋店,愛知県名古屋市南区菊住1丁目7-10 イオンモール3階
モーリーファンタジー南陽店,愛知県名古屋市港区春田野1-330 イオン3階
モーリーファンタジー名古屋みなと店,愛知県名古屋市港区品川町2-1-6 イオン3階
モーリーファンタジー名古屋茶屋店,愛知県名古屋市港区西茶屋 2丁目11 イオン3階
モーリーファンタジー大高店,愛知県名古屋市緑区大高町字奥平子1-1 イオン3階
モーリーファンタジー守山店,愛知県名古屋市守山区笹ヶ根3-1228 イオン2階
中川メトロポリス,愛知県名古屋市中川区江松3-110 
名古屋レジャーランドささしま店,愛知県名古屋市中村区平池町４-６０-１４ ＬＡ　ＶＡＭＯささしま１階
名古屋レジャーランド内田橋,愛知県名古屋市南区2-26-22 トスカビル2F
名古屋レジャーランド大高店,愛知県名古屋市緑区大高町忠治山12-1 
楽市楽座イオンモール名古屋茶屋,愛知県名古屋市港区西茶屋2-11 イオンモール名古屋茶屋店3階
西友高針店,愛知県名古屋市名東区牧の里１－４０１ 
西友鳴海店,愛知県名古屋市緑区黒沢台４－８０１ 
Ｇ－ＥＸＰＲＥＳＳアピタ東海通店,愛知県名古屋市港区港明１－１０－２８ アピタ東海通店１階
ＳＯＹＵＢＲＥＭＥＮＴＯＷＮ鳴海店,愛知県名古屋市緑区鳴海町伝治山３－９ アピタ鳴海店２階
ＶＩＶＩＤ名西店,愛知県名古屋市西区名西２－３３－８ イッツボナンザシティヨシヅヤ名古屋名西店
タイトーFステーションヒルズウォーク徳重ガーデンズ店,愛知県名古屋市緑区鳴海町字徳重18 ヒルズウォーク徳重ガーデンズ内2階
アピタ大府店,愛知県大府市明成町４－１３３ 
ビバーチ大府店,愛知県大府市柊山町１丁目９８ リソラ大府２Ｆ
アピタ安城南店,愛知県安城市桜井町貝戸尻６０ 
イトーヨーカドー安城店,愛知県安城市住吉町３－１－８ 
エディオン安城店,愛知県安城市三河安城東町１－１７－１ 
セガワールド安城,愛知県安城市百石町2-35-13 
ソユープレイランドソピア安城店,愛知県安城市住吉町３－１－８ イトーヨーカドー安城店２階
ハローズガーデン安城南店,愛知県安城市桜井町貝戸尻６０番地 アピタ安城南店２階
安城メトロポリス,愛知県安城市浜富町6-8 
西友ザ・モール安城店,愛知県安城市大東町９－３１ 
遊ランドピアゴ福釜店,愛知県安城市福釜市矢場16番地5 
アピタ小牧店,愛知県小牧市堀の内３－１５ 
アピタ桃花台店,愛知県小牧市古雅１－１ 
パラボランド小牧店,愛知県小牧市東1-126 イオン小牧2階
小牧メトロポリス,愛知県小牧市間々片山181-1 
イトーヨーカドー尾張旭店,愛知県尾張旭市南原山町石原１１６－４ 
NICOPA岡崎店,愛知県岡崎市上和田町南天白5-1 エルエルタウン岡崎店2階
にこぱウイングタウン岡崎東店,愛知県岡崎市羽根町小豆坂３ 
らんらんらんどコムタウン岡崎店,愛知県岡崎市上六名町字宮前１ ショッピングセンターコムタウン1F
アピタ岡崎北店,愛知県岡崎市日名北町４－４６ 
イオン岡崎南店,愛知県岡崎市戸崎町字ばら山1-1 
ゲームファンタジアン岡崎店,愛知県岡崎市錦町2番地4 
ゲームランド岡崎,愛知県岡崎市戸崎町外山３８－５ イオンモール岡崎シネコン棟
セガ岡崎店,愛知県岡崎市上地3-50-4 
トイザらス岡崎店,愛知県岡崎市大平町石丸３８ ワ－ルド・ワン２Ｆ
モーリーファンタジー岡崎南店,愛知県岡崎市戸崎町字ばら山1-1 イオン3階
西友岡崎店,愛知県岡崎市戸崎町越舞２－１ 
西友岡崎店ゲームコーナー,愛知県岡崎市戸崎町越舞２－１ 西友岡崎店２Ｆ
遊ランドピアゴ洞店,愛知県岡崎市洞町字的場７２－２ ピアゴ洞店２階
タイトーステーション弥富,愛知県弥富市五明1371-4 
アピタ高蔵寺店,愛知県春日井市中央台２－５ 
イオン春日井店キッズインタイトー,愛知県春日井市柏井町4―17 イオン春日井店3階ゲームコーナー
トイザらス高蔵寺ニュータウン店,愛知県春日井市中央台１－１－２ 高蔵寺センター内
モーリーファンタジー春日井店,愛知県春日井市柏井町4-17 イオン4階
西友ザ・モール春日井店,愛知県春日井市六軒屋町字東丘２２ 
ＣＬＵＢＳＥＧＡ春日井,愛知県春日井市岩野町菅廻間4180 
Ｇ－すくうぇあアピタ高蔵寺店,愛知県春日井市中央台２－５ アピタ高蔵寺店２階
アピタ東海荒尾店,愛知県東海市荒尾町山王前２０ 
アミューズメントパーク太田川,愛知県東海市大田町下浜田102-1 ラスパ太田川北館2階
ピアゴ太田川店,愛知県東海市大田町下浜田102番1 
プラネット,愛知県東海市荒尾町山王前２０ アピタ荒尾店内２Ｆ
アピタ江南西店,愛知県江南市松竹町上野２０５ 
ワンダーフォレスト江南西店,愛知県江南市松竹町上野２０５番地 ＶＩＡＭＡＬＬアピタ江南西店２階
平和堂江南店,愛知県江南市上奈良町栄６１－３ 
ジャムジャムガーデン津島店,愛知県津島市津島北新開３５１ ヨシヅヤ津島本店３階
ファンタジックランド清洲店,愛知県清須市西市場５－５－３ ヨシヅヤ清洲店３階
セガ東名ボール,愛知県瀬戸市西原町2丁目114 
モーリーファンタジー瀬戸みずの店,愛知県瀬戸市みずの坂2丁目253番地 イオン2階
イトーヨーカドー犬山店,愛知県犬山市天神町１－１ 
ファミリーランドドリーム,愛知県田原市田原町南新地76-1 ショッピングタウン パオ1階と3階
イトーヨーカドー知多店,愛知県知多市新知東町１－１０－１ 
ギャラリエアピタ知立店,愛知県知立市長篠町大山１８－１ 
セガワールド知立,愛知県知立市長篠町大山18-1 ギャラリエアピタ1階
アピタ稲沢店,愛知県稲沢市天池五反田町１ 
アピタ稲沢東店,愛知県稲沢市下津穂所１－１－１ 
タイトーステーションパールシティ稲沢店,愛知県稲沢市井之口大坪町８０－１ パールシティ２Ｆ
フラミンゴキッズ,愛知県稲沢市下津穂所一丁目１番１ アピタ棟2階
プラザカプコン稲沢店,愛知県稲沢市長野7丁目1-2 リーフウォーク稲沢２階
ワンダーパーク稲沢店,愛知県稲沢市天池五反田町１番地 ユニー稲沢店
アピタ蒲郡店,愛知県蒲郡市港町１７－１０ 
ゲームファンタジアン蒲郡店,愛知県蒲郡市竹谷町中野1―12 
アピタ西尾店,愛知県西尾市高畠町三丁目23-9 
シャオ店内ムー大陸,愛知県西尾市下町御城下２３－１ シャオ店内
ファンタジーウエストタウン,愛知県西尾市高畠町3-23-9 ヴェルサウォーク西尾店3F
AGスクエア豊川店,愛知県豊川市東名町2-101 
モーリーファンタジー豊川店,愛知県豊川市開運通り2-31 イオン2階
豊川メトロポリス,愛知県豊川市下長山町上アライ14-1 
アピタ向山店,愛知県豊橋市向山町字中畑１－１ 
アピタ向山店スタジアム,愛知県豊橋市向山町中畑１－１ アピタ向山店２階
イオン豊橋南店,愛知県豊橋市野依町字落合1-12 
イトーヨーカドー豊橋店,愛知県豊橋市藤沢町１４１ 
セガワールド豊橋,愛知県豊橋市藤沢町141 イトーヨーカ堂2階
タイトーステーション豊橋店,愛知県豊橋市藤沢町１４１－４ 1F
モーリーファンタジー豊橋南店,愛知県豊橋市野依町字落合1-12 イオン2階
アピタ豊田元町店,愛知県豊田市土橋町２－６５ 
イオン高橋店,愛知県豊田市東山町1-950-1 
エディオン豊田本店,愛知県豊田市三軒町８－５５ 
プラサカプコン豊田店,愛知県豊田市東山町１－５－１ グリーンシティ３階ゲームコーナー
ＧＡＺＡ,愛知県豊田市喜多町１丁目１４０番地３Ｆ ゲームコーナー
アピタ長久手店,愛知県長久手市戸田谷９０１－１ 
ファンタジックランド高浜店,愛知県高浜市神明町８－２０－１ Ｔぽーと２階
アピタ大口店,愛知県丹羽郡大口町丸２－３６ 
モーリーファンタジー扶桑店,愛知県丹羽郡扶桑町大字南山名字高塚5-1 イオン2階
楽市楽座扶桑店,愛知県丹羽郡扶桑町南山名高塚5番地 イオン扶桑2階
ViViD蟹江店,愛知県海部郡蟹江町今3-17 ヨシズヤJR蟹江駅前店2階
アピタ阿久比店,愛知県知多郡阿久比町大字椋岡字徳吉１－１２ 
イオン東浦店,愛知県知多郡東浦町緒川申新田二区67-8 
イーストランド東浦店,愛知県知多郡東浦町緒川申新田二区６７－８ イオンモール東浦２階
トイザらス東浦店,愛知県知多郡東浦町緒川申新田二区６７－８ イオンモ－ル東浦２Ｆ
モーリーファンタジー東浦店,愛知県知多郡東浦町大字緒川字申新田二区67-8 イオン1階
アピタ名古屋空港店,愛知県西春日井郡豊山町大字豊場字林先１番８ 
ナムコランドヒーローズキャンプ名古屋店,愛知県西春日井郡豊山町豊場字林先1番地8 エアポートウォーク名古屋3F
ポート24幸田店,愛知県額田郡幸田町高力字沖原15 
らんらんらんど大安,三重県いなべ市大安町高柳1945 イオン大安店 
AGスクエア伊勢店,三重県伊勢市中須町666 
モーリーファンタジー伊勢ララパーク店,三重県伊勢市小木町曽弥538 イオン2階
ＮＩＣＯＰＡ伊勢店,三重県伊勢市楠部町乙１６０ イオン新伊勢店２階
アピタ伊賀上野店,三重県伊賀市服部町尾崎１７８８ 
モーリーファンタジー伊賀上野店,三重県伊賀市上野茅町2519 イオン2階
CLUBSEGA名張,三重県名張市希央台3-15 
アピタ名張店,三重県名張市下比奈知字黒田３１００－１ 
YAZワールド四日市店,三重県四日市市泊小柳町4-34 
アミュージアム四日市店,三重県四日市市日永4-2-41 日永カヨー1F
イオン四日市尾平店,三重県四日市市尾平町字天王川原１８０５ 
セガ生桑,三重県四日市市生桑町字川原崎299-1 
トイザらス四日市店,三重県四日市市泊小柳町４－５ パワーシティ四日市内
モーリーファンタジー四日市北店,三重県四日市市富州原町2-40 イオン2階
モーリーファンタジー四日市尾平店,三重県四日市市尾平町字天王川原1805 イオン3階
四日市アミューズメントパーク,三重県四日市市安島1-3-31 アムスクウェア5階
ＮＩＣＯＰＡ四日市北,三重県四日市市富州原町２－４０ イオン四日市北店内２階
モーリーファンタジー阿児店,三重県志摩市阿児町鵜方3215 イオン2階
アピタ松阪三雲店,三重県松阪市市場庄町１２６６－１ 
クラブセガアドバンスモール松阪,三重県松阪市田村町235-1 
モーリーファンタジー松阪店,三重県松阪市船江町1392-27 イオン3階
BANDAI ａｓｏｂｉ：長島店,三重県桑名市長島町浦安３６８ ジャズドリーム長島７０５０
アピタ桑名店,三重県桑名市中央町３－２１ 
セガワールド桑名,三重県桑名市大字大仲新田字宮前158番地 
モーリーファンタジー桑名,三重県桑名市新西方1丁目22番地 イオン1番街3階
Ｇ－ＳＱＵＡＲＥアピタ桑名店,三重県桑名市中央町３－２１ アピタ桑名店２階
にこにこBEAR久居店,三重県津市久居明神町神町神早2660 イオン久居店1階
にこぱイオン津店,三重県津市桜橋3-446 イオン津店2階
イオン津店,三重県津市桜橋3-446 
セガワールド久居,三重県津市久居明神町字風早2534-1 
ドナリアコットサンバレー店,三重県津市高茶屋小森町１４５ サンバレー２階
モーリーファンタジー津城山店,三重県津市久居小野辺町1130-7 マックスバリュ2階
らんらんらんど鈴鹿店,三重県鈴鹿市算所2-5-1 
アピタ鈴鹿店,三重県鈴鹿市南玉垣町３６２８ 
アピナ鈴鹿店,三重県鈴鹿市庄野羽山4-20-1 イオンタウン2F
イオン鈴鹿店,三重県鈴鹿市庄野羽山4-1-2 
ドナリアコットサンズ店,三重県鈴鹿市白子駅前９－２０ サンズ３階
ナムコランドイオンモール鈴鹿店,三重県鈴鹿市庄野羽山四丁目1番2号 イオンモール鈴鹿ベルシティ2F
ハローズガーデン鈴鹿店,三重県鈴鹿市南玉垣町３６２８ アピタ鈴鹿店２階
モーリーファンタジー鈴鹿店,三重県鈴鹿市庄野羽山4-1-2 イオン2階
ハローズガーデン菰野店,三重県三重郡菰野町竹成3998-7 ピアゴ菰野1F ハローズガーデン
イオン東員店,三重県員弁郡東員町大字長深字築田510-1 
モーリーファンタジー東員店,三重県員弁郡東員町長深字築田510番地1 イオンモール3階
楽市楽座イオンモール東員店,三重県員弁郡東員町長深築田510-1 
タイトーステーションイオン明和店,三重県多気郡明和町中村１２２３ イオン明和ショピングセンター２Ｆ
モーリーファンタジー明和店,三重県多気郡明和町中村長波賀1223番地 イオン2階
ザ・ビッグエクストラ玉城店,三重県度会郡玉城町世古字小垣内335-2 
SKIP PARK,滋賀県大津市本堅田5-20-10 アル・プラザ堅田3階
イオン西大津店,滋賀県大津市皇子が丘3-11-1 
モーリーファンタジー西大津店,滋賀県大津市皇子が丘3-11-1 イオン4階
平和堂アル・プラザ堅田,滋賀県大津市本堅田５－２０－１０ 
平和堂アル・プラザ瀬田,滋賀県大津市月輪１－３－８ 
ＡＧスクエア大津店,滋賀県大津市におの浜３－１－４３ 
GAME FIELD守山店,滋賀県守山市今浜町2620-5 ピエリ守山1F
平和堂アル・プラザ守山,滋賀県守山市播磨田町１８５－１ 
ザ・サードプラネットイオンタウン彦根店,滋賀県彦根市古沢町255-1 
トイザらス彦根店,滋賀県彦根市小泉町３１－１ ビバシティ内
ビバシティ平和堂,滋賀県彦根市竹ヶ鼻町４３－１ 
ワンダーパーク彦根,滋賀県彦根市竹ヶ鼻町43-1 ビバシティ彦根2F
宝島八日市店,滋賀県東近江市八日市浜野町3-1 ショッピングプラザアピア4階
平和堂アル・プラザ八日市,滋賀県東近江市八日市浜野町３－１ 
プレイランド栗東店,滋賀県栗東市綣２－３－２２ アルフプラザ栗東店内２階
平和堂アル・プラザ栗東,滋賀県栗東市綣２－３－２２ 
イオンタウン湘南ゲームコーナー,滋賀県湘南市岩根4580 イオンタウン湘南
VIVACE水口,滋賀県甲賀市水口町北脇字岡本地先1772-4 
ナムコランドアルプラザ水口店,滋賀県甲賀市水口町名坂419-1 アルプラザ水口店新館2F
フレンドマート甲南店,滋賀県甲賀市甲南町竜法師３３８－３ 
平和堂アル・プラザ水口,滋賀県甲賀市水口町本綾野５６６－１ 
イオン草津店,滋賀県草津市新浜町300 
ゲームランド草津店,滋賀県草津市新浜町300番地 イオンモール草津3階
セガワールド草津,滋賀県草津市西渋川1-23-23 A-SQUARESARA新棟2F
モーリーファンタジー草津店,滋賀県草津市新浜町300 イオン3階
平和堂アル・プラザ草津,滋賀県草津市西渋川１－２３－３０ 
タイトーFステーション 近江八幡店,滋賀県近江八幡市鷹飼町南3-7 
モーリーファンタジー近江八幡店,滋賀県近江八幡市鷹飼町南3丁目7番 イオン3階
ユーアイランド近江八幡店,滋賀県近江八幡市桜宮町２０２－１ アルプラザ３Ｆ
平和堂アル・プラザ近江八幡,滋賀県近江八幡市桜宮町２０２－１ 
ザ・ビッグエクストラ野洲店,滋賀県野洲市乙窪長繰480-1 
ユーイング　アル・プラザ野洲店,滋賀県野洲市小篠原１０００ 
平和堂アル・プラザ野洲,滋賀県野洲市小篠原１０００ 
ACT長浜,滋賀県長浜市川崎町字八王子町375 
モーリーファンタジー長浜店,滋賀県長浜市山階町271-1 イオン2階
平和堂アル・プラザ長浜,滋賀県長浜市小堀町４５０ 
平和堂今津店,滋賀県高島市今津町今津１６８８ 
らんらんらんど豊郷店,滋賀県犬上郡豊郷町大字高野瀬字下池田１９７番地１ ピアゴ豊郷店1F
タカラ島亀岡店,京都府亀岡市篠町野条上又11-1 アルプラザ亀岡店3階
平和堂エール峰山店,京都府京丹後市峰山町新町１６０６－１ 
ユーイング　京田辺店,京都府京田辺市田辺中央５－２－１ アル・プラザ京田辺店内
平和堂アル・プラザ京田辺,京都府京田辺市田辺中央５－２－１ 
エディオン桂南店,京都府京都市南区久世上久世町４８５ ダイエ－桂南店２Ｆ
ザ・サードプラネットＢｉＶｉ京都二条店,京都府京都市中京区西ノ京栂尾町１－６ 
セガワールド六地蔵,京都府京都市伏見区桃山町山ノ下32 京都ショッピングセンタービルAM棟2F
ダイエーグルメシティヒカリ屋山科店,京都府京都市山科区椥辻草海道町１５－１ 
ナムコランドイオンモールＫＹＯＴＯ店,京都府京都市南区西九条鳥居口町１ イオンモール　ＫＹＯＴＯ１４０６０
ビックカメラＪＲ京都駅店,京都府京都市下京区東塩小路町９２７ 
プラサカプコン京都店,京都府京都市右京区西院追分町２５－１ イオンモール京都ハナ３階
プレイランド京都店,京都府京都市右京区山ノ内池尻町1-1 京都ファミリー3F
モーリーファンタジー京都五条店,京都府京都市右京区西院追分町25-1 イオン2階
モーリーファンタジー京都桂川店,京都府京都市南区久世高田町376 
モーリーファンタジー洛南店,京都府京都市南区吉祥院御池町31 イオン2階
ユーイング　醍醐店,京都府京都市伏見区醍醐高畑町１－３７ 
ヨドバシカメラマルチメディア京都,京都府京都市下京区京都駅前京都 タワー横
レインボーランド伏見店,京都府京都市伏見区深草出羽屋敷町23番地 イズミヤ伏見店3階
北大路ビブレ,京都府京都市北区小山北上総町49-1 
平和堂アル・プラザ醍醐,京都府京都市伏見区醍醐高畑町１－３７ 
平和堂フレンドマート梅津店,京都府京都市右京区梅津中村町３７－１ 
楽市楽座イオンモール京都桂川店,京都府京都市南区久世高田町346-1 3051区画 イオンモール京都桂川店3階
ケイ・キャット京八幡店,京都府八幡市美濃山ヒル塚３１－１ 
プレビプレイランド　あひるのたまご八幡店,京都府八幡市欽明台北３－１ ２階フードコート内プレビプレイランドコーナー
レインボーランド八幡店,京都府八幡市八幡一ノ坪23-1 イズミヤ八幡店内
イオン向日町店,京都府向日市寺戸町小佃14 
ナムコアルプラザ城陽店,京都府城陽市富野荒見田112番地 アルプラザ城陽店4F
平和堂アル・プラザ城陽,京都府城陽市富野荒見田１１２ 
イトーヨーカドー六地蔵店,京都府宇治市六地蔵奈良町６７－１ 
プリッズ宇治店,京都府宇治市莵道28-1 アルプラザ宇治東3F
平和堂アル・プラザ宇治東,京都府宇治市莵道平町２８－１ 
平和堂フレンドマート宇治店,京都府宇治市宇治樋ノ尻79-1 
ナムコランドミップル店,京都府宮津市字浜町3012 宮津シーサイドマートMippｌe内　5階
キッズサーカス木津川,京都府木津川市州見台1丁目1-1 204号
モーリーファンタジー高の原店,京都府木津川市相楽台1-1-1 イオン高の原ショッピングセンター4階
平和堂アル・プラザ木津,京都府木津川市相楽城西１５ 
PLANT-3福知山店,京都府福知山市字多保市小字手次114-13 
モーリーファンタジー福知山店,京都府福知山市岩井79-8 イオン2階
らんらんらんど綾部店,京都府綾部市綾中町花ノ木30 バザールタウン綾部店2F
レインボーランド長岡店,京都府長岡京市開田4丁目7番1号 イズミヤ長岡店2階
平和堂フレンドマート長岡京店,京都府長岡京市神足２－２－１ 
イオン久御山店,京都府久世郡久御山町森南大内１５６－１ 
ビバーチ久御山店,京都府久世郡久御山町森小大内３０１ 
モーリーファンタジー久御山店,京都府久世郡久御山町森南大内156-1 イオン2階
アミューズメントジョイパーク,京都府相楽郡精華町精華台９－２－４ ユータウン京阪奈ユーストア精華台店西館２階
イトーヨーカドー　アリオ内八尾店,大阪府八尾市光町２－３ 
ゲオパーク八尾店,大阪府八尾市東本町4-2-50 ゲオ八尾内
レインボーランド八尾店,大阪府八尾市沼1丁目1番地 イズミヤ八尾店1階
らんらんらんど吹田店,大阪府吹田市朝日町２番１０１号 ダイエー吹田店4F
ダイエー吹田店,大阪府吹田市朝日町２－１０１ 
トイザらス阪急山田店,大阪府吹田市山田西４－１－２ デュー阪急山田４Ｆ
ペリカン千里丘店,大阪府吹田市山田南１－１ イズミヤ２Ｆ
モーリーファンタジー北千里店,大阪府吹田市古江台4-2-50 イオン5階
モーリーファンタジー南千里店,大阪府吹田市千里山西6-56-1 イオン4階
レインボーランド千里丘店,大阪府吹田市山田南1番1号 イズミヤ千里丘店2階レインボーランド千里丘店
きゃらんど和泉,大阪府和泉市あゆみ野4-4-7 ららぽーと和泉 2階
スーパーセンターオークワ和泉納花店,大阪府和泉市納花町３１３ 
セガワールド和泉,大阪府和泉市肥子町2-4-41 
ダイエー光明池店,大阪府和泉市室堂町８４１－１ 
モーリーファンタジー和泉府中店,大阪府和泉市肥子町2-2-1 イオン4階
ラウンドワンららぽーと和泉店,大阪府和泉市あゆみ野4-4-7 4階 
レインボーランド和泉中央店,大阪府和泉市いぶき野5丁目1番11号 イズミヤ和泉中央店3階
にこぱ原山台店,大阪府堺市南区原山台５－９－８ 
ぷれいらんど３７３泉ヶ丘店,大阪府堺市南区三原台１―１―３ ジョイパック店１階
らんらんらんどおおとり店,大阪府堺市西区鳳東町7-733 おおとりウィングス2階
イトーヨーカドー　アリオ内鳳店,大阪府堺市西区鳳南町３－１９９－１２ 
イトーヨーカドー津久野店,大阪府堺市西区下田町２０－１ 
エディオンなかもず店,大阪府堺市北区長曽根町３０８１－１７ 
セガワールド松原,大阪府堺市東区八下町3-10 
セガ福田,大阪府堺市中区福田１０５６－１ 
トイザらス堺店,大阪府堺市北区長曽根町１９２１ 
ナムコランド鳳,大阪府堺市西区鳳南町３－１９９－１２ アリオ鳳アリオモール３Ｆ　３２８０
ハローズガーデン津久野店,大阪府堺市西区下田町20-1 イトーヨーカドー津久野店2F
ハローズガーデン鳳店,大阪府堺市西区鳳南町３－１９９－１２ アリオ鳳店３F
モーリーファンタジー堺北花田店,大阪府堺市北区東浅香山町4-1-12 イオン2階
モーリーファンタジー新金岡店,大阪府堺市北区新金岡町4-1-11 イオン3階
ラウンドワンスタジアム堺中央環状店,大阪府堺市東区石原町２町２４１番 
レインボーランド泉北店,大阪府堺市中区小阪270 イズミヤ泉北店2階
レインボー金岡キッズ・パーク,大阪府堺市北区蔵前町1524-1 
西友上野芝店,大阪府堺市西区上野芝町２－７－３ 
タイトーFステーション住道店,大阪府大東市赤井1-4-3 ポップタウン住道オペラパーク3F
ピザッカ大東店,大阪府大東市住道2-1-103 イズミヤ内5F
レインボーランド大東店,大阪府大東市住道2丁目1番103号 イズミヤ大東店4階
ATCあそびマーレ,大阪府大阪市住之江区南港北2丁目1番10号 ITM棟5階
Forkids' byこぐま あべの店,大阪府大阪市阿倍野区阿倍野筋1-1-43 
MEGAドン・キホーテ弁天町店,大阪府大阪市港区弁天3-13-1 
MEGAドン・キホーテ深江橋店,大阪府大阪市東成区深江北1-13 
NICOPAベルファ都島店,大阪府大阪市都島区友渕2-13-34 ベルファ都島3F 
namcoイオンモール鶴見緑地店,大阪府大阪市鶴見区鶴見4-17-1-421 イオンモール鶴見リーファ4F
namco大阪日本橋店,大阪府大阪市難波中2-1-17 コスモビル
namco梅田,大阪府大阪市北区小松原町３番３号 ＯＳビル２Ｆナムコシティ内
らんらんらんど京橋店,大阪府大阪市都島区片町2-3-51 ダイエー京橋4階
らんらんらんど長吉店,大阪府大阪市平野区長吉長原西１－１－１０ ダイエー長吉店4F
アイカツ!オフィシャルショップ あべのハルカス近鉄本店,大阪府大阪市阿倍野区阿倍野筋1-1-43 あべのハルカス近鉄本店 ウイング館8階
アミュージアムよしもと,大阪府大阪市中央区難波千日前１２－３５ ＳＷＩＮＧヨシモトビル１階
アミュージアム大和田店,大阪府大阪市西淀川区大和田2-2-43 関西スーパー大和田2F
イオン大阪ドームシティ店,大阪府大阪市西区千代崎3-13-1 
イオン鶴見緑地店,大阪府大阪市鶴見区鶴見4-17-1 
イトーヨーカドーあべの店,大阪府大阪市阿倍野区阿倍野筋１－６－１ 
エディオン京橋店,大阪府大阪市城東区蒲生1-9-10 
エディオン都島店,大阪府大阪市都島区友渕2-13-34 
キデイランド大阪梅田店,大阪府大阪市北区芝田1-1-3 阪急三番街
シーオンプラザ上新庄店スペースプラネット,大阪府大阪市東淀川区大隈1-6-12 
ジョーシン平野うりわり店,大阪府大阪市平野区瓜破４－２－８ 
ジョーシン平野加美店,大阪府大阪市平野区加美北５－６－４０ ホ－ムセンタ－コ－ナン２Ｆ
セガあべのキューズモール,大阪府大阪市阿倍野区阿倍野筋1-6-1 
セガワールドアポロ,大阪府大阪市阿倍野区阿倍野筋1-5-31 アポロビル3F
セガ今福,大阪府大阪市城東区今福東1-9-34 
タイトーステーション大阪日本橋店,大阪府大阪市浪速区日本橋4-9-14 
タイトーステーション難波,大阪府大阪市中央区難波千日前１５－１２ 
ダイエー京橋店,大阪府大阪市都島区片町２－３－５１ 
ダイエー長吉店,大阪府大阪市平野区長吉長原西１－１－１０ 
トイザらス住之江公園店,大阪府大阪市住之江区南加賀屋２－３－２３ 
ドン・キホーテ新世界店,大阪府大阪市浪速区恵美須東3-4-36 
ナムコランドなんばパークス店,大阪府大阪市浪速区難波中２丁目１０番７０号 なんばパークス６Ｆ
ビックカメラなんば店,大阪府大阪市中央区千日前２－１０－１ 
ファンタジープラザ弁天町,大阪府大阪市港区弁天3-13-1 MEGAドン・キホーテ弁天町店2階
モーリーファンタジー喜連瓜破駅前店,大阪府大阪市平野区瓜破2-1-13 イオン3階
モーリーファンタジー大阪ドームシティ店,大阪府大阪市西区千代崎3丁目13番1 イオン大阪ドームシティ店3階
モーリーファンタジー野田阪神店,大阪府大阪市福島区海老江1-1-23 イオン4階
モーリーファンタジー鶴見店,大阪府大阪市鶴見区鶴見4丁目17-1 イオン3階
ヨドバシカメラマルチメディア梅田,大阪府大阪市北区大深町１－１ 
ラウンドワン千日前店,大阪府大阪市中央区難波1丁目3番1号 
レインボーランド上新庄店,大阪府大阪市東淀川区上新庄1-2-36 イズミヤ上新庄店3Fレインボーランド
天王寺パスカ店,大阪府大阪市阿倍野区阿倍野筋2-4-51 
楽市楽座イオンモール大阪ドーム店,大阪府大阪市西区千代崎3-13-1 イオンモール大阪ドームシティ店4階
ｎａｍｃｏ マグスミノエ店,大阪府大阪市住之江区泉１丁目１番８２号 マグスミノエ１Ｆ
ダイエー金剛店,大阪府大阪狭山市半田１－３５－１ 
イオン大日店,大阪府守口市大日東町1-18 
ナムコランドイオン大日店,大阪府守口市大日東町１番１８号 イオン大日ショッピングセンター４階
モーリーファンタジー大日店,大阪府守口市大日東町1番18号 イオン2階
ラウンドワン守口店,大阪府守口市佐太東町2-6-14 ジャガーグリーン2階
京阪百貨守口店,大阪府守口市河原町8-3 
らんらんらんど富田林店,大阪府富田林市昭和町１－７－１ ダイエー富田林店2F
モーリーファンタジー金剛東店,大阪府富田林市向陽台3-1-1 イオン4階
YAZ寝屋川店,大阪府寝屋川市石津中町25-30 
セガビバモール寝屋川,大阪府寝屋川市寝屋南2-外 
テクモピア寝屋川店,大阪府寝屋川市緑町5-8 イオンモール寝屋川グリーンシティ 3階
ユーイング　香里園店,大阪府寝屋川市日新町５－５ 
平和堂アル・プラザ香里園,大阪府寝屋川市日新町５－５ 
平和堂アル・プラザあまがさき,大阪府尼崎市潮江１－３－１ 
ぷれいらんど３７３岸和田店,大阪府岸和田市春木若松町２１－１ ラパーク岸和田店２階
モーリーファンタジー東岸和田店,大阪府岸和田市土生町2-32-7 イオン2階
レインボーランド西岸和田店,大阪府岸和田市港緑町2番1号 イズミヤ西岸和田店3階
ふぇすたらんど東大阪店,大阪府東大阪市西岩田3-2-3 山陽マルナカ東大阪店2F
わいわいランド東大阪店,大阪府東大阪市吉田下島1-1 イトーヨーカドー東大阪店2階
イオン布施駅前店,大阪府東大阪市長堂1-8-37 
イトーヨーカドー東大阪店,大阪府東大阪市吉田下島１－１ 
エディオン中環東大阪店,大阪府東大阪市稲田三島町３－８８ 
ジョーシン新石切店,大阪府東大阪市弥生町１６－１２ ホームセンターコーナン２Ｆ
ジョーシン東大阪店,大阪府東大阪市若江西新町３－１－７ 
セガワールド布施,大阪府東大阪市長堂1-1-1 ロンモール布施内
モーリーファンタジー東大阪店,大阪府東大阪市荒本北2丁目3番22号 イオン1階
モーリーファンタジー鴻池店,大阪府東大阪市鴻池町1-1-72 イオン2階
レインボーランド若江岩田店,大阪府東大阪市瓜生堂1丁目10番52号 イズミヤ若江岩田店4階
ＡＧスクエア東大阪店,大阪府東大阪市稲田新町3-9-64 
プレイランド松原中央店,大阪府松原市田井城1-1-1 カナートモール松原店2F
namcoくずはモール店,大阪府枚方市楠葉花園町10―85 くずはモール南館2F
セガワールド枚方,大阪府枚方市須山町83-1 サンシャインプラザ枚方内
トイザらスくずは店,大阪府枚方市樟葉花園町10-85 KUZUHAMALL南館2F
ペリカン枚方店,大阪府枚方市禁野本町１－８７１ 
モーリーファンタジー枚方店,大阪府枚方市岡本町7番1-203 イオン4階
ユーイング　アル・プラザ枚方,大阪府枚方市津田元町１－４－１ 
京阪百貨店くずはモール店,大阪府枚方市楠葉花園町15-1 
平和堂アル・プラザ枚方,大阪府枚方市津田元町１－４－１ 
Ｈａｌｌｏｗｅｅｎ,大阪府枚方市高野道１－２０－１０ フォレオ枚方１階
らんらんらんど池田駅前店,大阪府池田市満寿美町２－２ ダイエー池田駅前店4F
ダイエー池田駅前店,大阪府池田市満寿美町２－２ 
namcoりんくうシークル店,大阪府泉佐野市りんくう往来南3 
ハローズガーデン泉佐野店,大阪府泉佐野市下瓦屋２－２－７７ ショッパーズモール泉佐野店３階
プリッズイオン日根野店,大阪府泉佐野市日根野２４９６番地の１ イオンシティ日根野店２Ｆ
イオンりんくう泉南店,大阪府泉南市りんくう南浜3-12 
ジョーシン　泉南店,大阪府泉南市りんくう南浜３－１２ イオンモ－ルりんくう泉南１Ｆ
モーリーファンタジーりんくう泉南店,大阪府泉南市りんくう南浜3-12 イオン2階
ＲＯＣＫＥＴＤＲＩＶＥ泉南店,大阪府泉南市りんくう南浜３－１２ イオンりんくうタウン泉南ショッピングセンター２階
エディオン泉大津店,大阪府泉大津市千原町１－８８－１ 
レインボーランド和泉府中店,大阪府泉大津市東豊中町1丁目5番5号 イズミヤ和泉府中店4階
泉大津フタバボウル,大阪府泉大津市松之浜町１丁目２番５３号 
ナムコランド箕面,大阪府箕面市西宿１－１７－２２ ヴィソラＥＡＳＴ１－３Ｆ
イオン新茨木店,大阪府茨木市中津町18-1 
イオン茨木店,大阪府茨木市松ヶ本町8-30-3 
トイザらス茨木店,大阪府茨木市藤の里１－７－４１ 茨木ショッピングプラザ１Ｆ
モーリーファンタジー茨木店,大阪府茨木市松ヶ本町8-30-5 イオン4階
ユーイング　茨木店,大阪府茨木市上郡２－１２－８ 
平和堂アル・プラザ茨木,大阪府茨木市上郡２－１２－８ 
トイザらス藤井寺店,大阪府藤井寺市岡２－８－４１ ソリヤ２Ｆ
ＣＬＵＢＳＥＧＡ藤井寺,大阪府藤井寺市沢田１丁目２０-８ 
エディオン豊中店,大阪府豊中市日出町２－２－１８ 
セガ 新三国アルゴ7店,大阪府豊中市神州町1-15 
ダイエー曽根店,大阪府豊中市曽根東町３－３－１ 
ハローズガーデンこどものくに千里店,大阪府豊中市新千里東町1-5-2 
チャイルズ　貝塚店,大阪府貝塚市小瀬91-1 
モーリーファンタジー貝塚店,大阪府貝塚市地蔵堂74-2 
ダイエー古川橋駅前店,大阪府門真市末広町４１－２ 
オークワわくわくシティ尾崎店,大阪府阪南市下出１６７－１ 
らんらんらんど摂津富田店,大阪府高槻市大畑町１３－１ ダイエー摂津富田店2F
イオン高槻店,大阪府高槻市萩之庄3-47-2 
エディオン高槻宮田店,大阪府高槻市宮田町1-2-1 
モーリーファンタジー高槻店,大阪府高槻市萩之庄3-47-2 イオン3階
ラウンドワンスタジアム高槻店,大阪府高槻市辻子3丁目6番4号 
平和堂アル・プラザ高槻,大阪府高槻市芥川町１－２Ｃ－２０１ 
らんらんらんど竜野店,兵庫県たつの市龍野町堂本字五反田２５０－１ ダイエー竜野店３階
ダイエー竜野店,兵庫県たつの市龍野町堂本字五反田２５０－１ 
ポップンパーク 三木青山店,兵庫県三木市志染町青山3-9 イオン三木青山店2F
モーリーファンタジー三木店,兵庫県三木市大村字砂163 イオン3階
ハローズガーデン新三田店,兵庫県三田市けやき台1-6-4 三田ウィッディタウン イオン2
プラザパル三田店,兵庫県三田市けやき台１－６－２ 三田ウッディータウンサティー一番館３階
アミューズメントパーク宝島 氷上店,兵庫県丹波市氷上町本郷300 ゆめタウン2階
イオン伊丹昆陽店,兵庫県伊丹市池尻4-1番1 
カリヨンパークＮＩＣＯＰＡ,兵庫県伊丹市池尻４－１－１ イオン伊丹昆陽ショッピングセンター４階
テクモピアフォーレ伊丹店,兵庫県伊丹市藤ノ木１－１－１ イオンモール伊丹テラス３階
トイザらス伊丹店,兵庫県伊丹市藤ノ木１－１－１－１２７ イオンモ－ル伊丹テラス１Ｆ
モーリーファンタジー伊丹店,兵庫県伊丹市藤ノ木1-1-1 イオン3階
モーリーファンタジー伊丹昆陽店,兵庫県伊丹市池尻4-1-1 イオン3階
レインボーランド昆陽店,兵庫県伊丹市池尻1-1 イズミヤ昆陽店
イオン加古川店,兵庫県加古川市平岡町新在家615-1 
イトーヨーカドー加古川店,兵庫県加古川市別府町緑町２ 
トイザらス加古川店,兵庫県加古川市尾上町今福７１ ジョイパ－ク加古川内
ビバーチ加古川店,兵庫県加古川市尾上町池田１８９７－４ 
モーリーファンタジー加古川店,兵庫県加古川市平岡町新在家615-1 イオン2階
遊スペーススプラ（メガコート）,兵庫県加古川市尾上町安田３５１－１メガコート内 
モーリーファンタジー社店,兵庫県加東市社1126-1 イオン2階
イオン加西北条店,兵庫県加西市北条町北条308-1 
モーリーファンタジー加西北条店,兵庫県加西市北条町北条308-1 イオン2階
モーリーファンタジー南淡路店,兵庫県南あわじ市賀集八幡北字東内378-1 イオン1階
namcoイオンモール姫路リバーシティー,兵庫県姫路市飾磨区細江520番地姫路 リバーシティSC内2階
ふぇすたらんど広畑店,兵庫県姫路市広畑区吾妻町３－２９－２ マルナカ広畑店２階ゲ－ムコ－ナ－
アミパラ姫路店,兵庫県姫路市東郷町１４５４－３ フレッシュライフプロムナードＲＩＯＳ２Ｆ
イトーヨーカドー広畑店,兵庫県姫路市広畑区夢前町１－１ 
ザ・モール姫路店キッズ・パーク,兵庫県姫路市神子岡前３－１２－１７ 
セガワールド花北,兵庫県姫路市増位新町1-6 2F 
ハローズガーデン姫路店,兵庫県姫路市増位本町２－１２－１０ イオン姫路店２階
モーリーファンタジー姫路リバーシティ店,兵庫県姫路市飾磨区細江520 イオン1階
モーリーファンタジー姫路大津店,兵庫県姫路市大津区大津町2丁目5番 イオン2階
西友ザ・モール 姫路店,兵庫県姫路市神子岡前３－１２－１７ 
モーリーファンタジー山崎店,兵庫県宍粟市山崎町中井字城下10 イオン3階
ダイエー宝塚中山店,兵庫県宝塚市売布東の町２１－２２ 
ゲームパーク小野店,兵庫県小野市王子町868-1 イオン小野店2階
アミューズアイランド塚口,兵庫県尼崎市南塚口町2-1-1 ダイエー塚口店5F
エディオンＪＲ尼崎駅店,兵庫県尼崎市潮江１－１－５０ 
セガワールドつかしん,兵庫県尼崎市塚口本町4-8-1 つかしん内
セガワールドココエあまがさき,兵庫県尼崎市潮江1-3-1 ココエあまがさき4F
タイトーステーション尼崎つかしん店,兵庫県尼崎市塚口本町４丁目８番地１号 ＳＣつかしん内東町北館３階
ダイエー塚口店,兵庫県尼崎市南塚口町２－１－３ 
モーリーファンタジー尼崎店,兵庫県尼崎市次屋3-13-18 イオン2階
平和堂アル・プラザつかしん,兵庫県尼崎市塚口本町４－８－１ 
きゃらんどスーパーシティ明石店,兵庫県明石市二見町西二見駅前1-18　 イトーヨーカドー明石店3F
ふぇすたらんど土山店,兵庫県明石市魚住町清水字舞々2208-1 イオン土山店内
イトーヨーカドー明石店,兵庫県明石市二見町西二見駅前１－１８ 
セガワールドながさわ,兵庫県明石市魚住町清水２４６４－１ 長沢ドライブイン内
トイザらス明石店,兵庫県明石市東仲ノ町６－１ アスピア明石南館３Ｆ
モーリーファンタジー明石店,兵庫県明石市大久保町ゆりのき通り2-3-1 イオン明石3番街3階
プレイランド和田山店,兵庫県朝来市和田山町枚田岡774 イオン和田山店1階
モーリーファンタジー和田山店,兵庫県朝来市和田山町枚田岡774 イオン2階
モーリーファンタジー洲本店,兵庫県洲本市塩屋1-1-8 イオン2階
アル・クリオゲームコーナー,兵庫県淡路市志筑新島１０番地の３ アル・クリオ３Ｆゲームコーナー
らんらんらんど名谷,兵庫県神戸市須磨区中落合2-2-2 ダイエー名谷店3F
らんらんらんど甲南店,兵庫県神戸市東灘区本山南町8-7-18 
らんらんらんど藤原台店,兵庫県神戸市北区藤原台中町1-2-2 ダイエー藤原台店内
らんらんらんど西神中央店,兵庫県神戸市西区糀台５－３－４ ダイエー西神中央店3F
らんらんらんど長田南店,兵庫県神戸市長田区東尻池新町1-20 イオン長田南ショッピングセンター2階
アミューズアイランド甲南山手,兵庫県神戸市東灘区森南町1-5-1 セルバ甲南山手3階
エディオン垂水店,兵庫県神戸市垂水区舞多聞東２－１－４５ 
エディオン神戸北町店,兵庫県神戸市北区日の峰２－３－３ 
エディオン西代店,兵庫県神戸市長田区御屋敷通３－１－４ ７ソレイユ西代２Ｆ
セガフェニックスプラザ摩耶,兵庫県神戸市灘区味泥町6-1 フェニックスプラザ摩耶1F
セガ神戸umieサウスモール,兵庫県神戸市中央区東川崎町1-7-4 A-408
タイトーＦステーション神戸店,兵庫県神戸市中央区脇浜海岸通２－２－２ ブルメールＨＡＴ神戸２階
ダイエー三宮駅前店,兵庫県神戸市中央区雲井通６－１－１５ 
ダイエー名谷店,兵庫県神戸市須磨区中落合２－２－２ 
ダイエー板宿店,兵庫県神戸市須磨区前池町３－４－１ 
ダイエー藤原台店,兵庫県神戸市北区藤原台中町１－２－２ 
ダイエー西神中央店,兵庫県神戸市西区糀台５－３－４ 
デジャヴ神戸新長田店,兵庫県神戸市長田区大橋町5-3-1 アスタプラザイースト2階
モーリーファンタジージェームス山店,兵庫県神戸市垂水区青山台7-7-1 イオン1階
モーリーファンタジー神戸北店,兵庫県神戸市北区上津台8-1-1 イオン3階
レインボーランド神戸玉津店,兵庫県神戸市西区森友3丁目7-3 イズミヤ神戸玉津店2階
レインボーランド西神戸店,兵庫県神戸市西区竜が岡1-21-1 イズミヤ西神戸2階プレイガーデンパティオ
楽市楽座イオンモール神戸北店,兵庫県神戸市北区上津台8-1-1 イオンモール神戸北3階
遊スペースマジカルはなれ,兵庫県神戸市中央区三宮町2-11-1-235 
らんらんらんど篠山店,兵庫県篠山市杉265-1 バザールタウン篠山店2F
ダイエー芦屋浜店,兵庫県芦屋市高浜町６－１ 
らんらんらんど西宮店,兵庫県西宮市林田町2-24 ダイエー西宮店2F
イトーヨーカドー甲子園店,兵庫県西宮市甲子園八番町１－１００ 
エディオン西宮店,兵庫県西宮市芦原町９－２３ 
キッズパーク西宮,兵庫県西宮市浜松原町２１－１ マルナカ西宮店２Ｆ
セガららぽーと甲子園,兵庫県西宮市甲子園8番町1番地100 
ダイエー甲子園店,兵庫県西宮市甲子園高潮町３－３ 
ダイエー西宮店,兵庫県西宮市林田町２－２４ 
プラボ豊岡店,兵庫県豊岡市中陰字大工617　3F 
イオン赤穂店,兵庫県赤穂市中広別所５５－３ 
イオン赤穂店ファミリーランド,兵庫県赤穂市中広字別所55-3 イオン赤穂店2Fファミリーランド内
モーリーファンタジー高砂店,兵庫県高砂市緑丘2丁目1-40 イオン2階
モーリーファンタジー猪名川店,兵庫県川辺郡猪名川町白金2-1 イオン3階
アピタ大和郡山店,奈良県大和郡山市田中町宮西５１７ 
イオン大和郡山店,奈良県大和郡山市下三橋町741 
ハローズガーデン大和郡山店,奈良県大和郡山市田中町宮西５１７番地 アピタ大和郡山店２階
モーリーファンタジー大和郡山店,奈良県大和郡山市下三橋 741 イオン3階
楽市楽座イオンモール大和郡山店,奈良県大和郡山市下三橋町741 イオンモール大和郡山3階
らんらんらんど大和高田店,奈良県大和高田市幸町３番地６ オークタウン大和高田5Ｆ
ザ・ビッグエクストラ天理店,奈良県天理市東井戸堂町381 
モーリーファンタジー天理店,奈良県天理市東井戸堂町381 イオンスーパーセンター1階
イトーヨーカドー奈良店,奈良県奈良市二条大路南１－３－１ 
ザ・ビッグエクストラ大安寺店,奈良県奈良市南京終町1-128-1 
トイザらス奈良店,奈良県奈良市柏木町４５６－１ 奈良パワーセンター２Ｆ
スーパーセンターオークワ御所店,奈良県御所市室１１８５－２ 
モーリーファンタジー桜井店,奈良県桜井市上之庄278-1 イオン2階
SOYUミクロガーデン奈良橿原店,奈良県橿原市曲川町7-20-1 イオンモール橿原アルル3階
トイザらス奈良橿原店,奈良県橿原市曲川町７－２０－１－２０１ イオンモ－ル橿原アルル２Ｆ
モーリーファンタジー橿原店,奈良県橿原市曲川町7-20-1 イオン2階
アミューズメントパーク奈良登美ヶ丘店,奈良県生駒市鹿畑町3027 イオン奈良登美ヶ丘SC専門店街3階
モーリーファンタジー登美ヶ丘店,奈良県生駒市鹿畑町3027番地 イオン2階
エディオン香芝店,奈良県香芝市磯壁３－４０－１ 
アピタ西大和店,奈良県北葛城郡上牧町大字上牧3000-1 
アピタ西大和店ゲームコーナー,奈良県北葛城郡上牧町大字上牧3000-1 
レインボーランド広陵店,奈良県北葛城郡広陵町大字安部450番地1 
西友王寺店,奈良県北葛城郡王寺町久度２－２－１ 
にこぱガーデンパーク和歌山店,和歌山県和歌山市松江向鵜の島１４６９－１ ガーデンパーク和歌山２階
オークワスーパーセンター セントラルシティ和歌山店,和歌山県和歌山市小雑賀805-1 
オークワパ－ムシティ和歌山店,和歌山県和歌山市中野３１－１ 
ゲームピタゴラス,和歌山県和歌山市土入73-1 
タイトーFステーション和歌山,和歌山県和歌山市小雑賀805番1セントラルシティ和歌山 
テンハットシティ和歌山店,和歌山県和歌山市元寺町5-58シティワカヤマ店内2F 
パームシティ和歌山ナムコランド,和歌山県和歌山市中野３１－１ パームシティ和歌山店２Ｆ
ファンステーション和歌山店,和歌山県和歌山市新生町７－２０ イズミヤＳＣ２Ｆ
モーリーファンタジー和歌山店,和歌山県和歌山市中字楠谷 573番地 イオン和歌山店3階
ユーズランド和歌山店,和歌山県和歌山市中字楠谷573番地 
レインボーランド和歌山店,和歌山県和歌山市新生町7-20 イズミヤ和歌山店2階
レインボーランド紀伊川辺店,和歌山県和歌山市川辺２２０ イズミヤ紀伊川辺店内
オークワミレニアシティ岩出店,和歌山県岩出市中迫１４７ 
ドナリアコット岩出店,和歌山県岩出市中迫塚本１４７ ミレニアシティ２Ｆ
タイトーFステーションオークワロマンシティ御坊店,和歌山県御坊市湯川町財部181番地　　　 
スーパーセンターオークワ南紀店,和歌山県新宮市佐野３－１１－１９ 
モーリーファンタジー新宮店,和歌山県新宮市橋本2丁目14番23号 イオン2階
オークワ箕島店,和歌山県有田市新堂１０－３ 
オークワ高野口店,和歌山県橋本市高野口町伏原１３９－１ 
ジョイパーク海南,和歌山県海南市築地1番1 
らんらんらんど田辺店,和歌山県田辺市宝来町２４－２６ グルメシティ田辺店3F
オークワパビリオンシティ田辺店,和歌山県田辺市稲成町新江原３１６５ 
プリッズ田辺店,和歌山県田辺市稲成町3165 パビリオンシティC館2F
オークワ湯浅店,和歌山県有田郡湯浅町湯浅１８５２ 
オークワ串本店,和歌山県東牟婁郡串本町串本４０－２２ 
オークワ白浜堅田店,和歌山県西牟婁郡白浜町堅田２０５６－１ 
スーパーセンターオークワ上富田店,和歌山県西牟婁郡上富田町朝来１５４－１ 
PLANT-5境港店,鳥取県境港市竹内団地276 
モーリーファンタジーホープタウン店,鳥取県米子市米原2-1-1 ホープタウン3階
モーリーファンタジー米子駅前3F店,鳥取県米子市末広町311 イオン3階
アミパラ鳥取店,鳥取県鳥取市晩稲１００-１ イオン鳥取北ショッピングセンター２階
イオン鳥取北店,鳥取県鳥取市晩稲100-1 
セガワールド鳥取,鳥取県鳥取市安長416 
トイザらス鳥取店,鳥取県鳥取市南隈１７３－１ トリニティモールＢゾーン２Ｆ
モーリーファンタジー鳥取北店,鳥取県鳥取市晩稲100番1 イオン2階
モーリーファンタジー鳥取店,鳥取県鳥取市天神町1 イオン2階
アミパラ日吉津店,鳥取県西伯郡日吉津村日吉津1160-1 イオン日吉津ショッピングセンター西館2階
イオン日吉津店,鳥取県西伯郡日吉津村日吉津1160-1 
モーリーファンタジー日吉津店,鳥取県西伯郡日吉津村日吉津1160-1 イオン2階
ABCパレード出雲店,島根県出雲市大塚町650-1 ゆめタウン出雲2F
ゆめサーカス出雲店,島根県出雲市大塚町650-1 ゆめタウン出雲店本館2階
Ｇ－pala出雲店,島根県出雲市渡橋町７８４－１ 
イオン大田店,島根県大田市長久町土江97 
イオン松江店,島根県松江市東朝日町151 
セガワールド松江,島根県松江市嫁島町12-15 
ビバーチ松江,島根県松江市東朝日町203-1 
モーリーファンタジー松江店,島根県松江市東朝日町151 イオン3階
らんらんらんど浜田店,島根県浜田市周布町イ６１－１ トライアル浜田店1F
ピノッキースパティオ浜田店,島根県浜田市港町227-1 ゆめタウン浜田店3階
ペリカン浜田店,島根県浜田市港町２２７－１ ゆめタウン浜田３Ｆ
ピノッキーランド井原店,岡山県井原市下出部町２－１１－２ 
こころっこ児島,岡山県倉敷市児島駅前2-35 天満屋ハピータウン児島店 3階
ふぇすたらんど中島店,岡山県倉敷市中島2780-1 マルナカ中島店内
ふぇすたらんど倉敷マスカット店,岡山県倉敷市松島羽伏１１６３－２ マルナカマスカット店別館３階
アミパラ倉敷店,岡山県倉敷市西中新田６２４－１ アミパラボウル１階
キッズ共和国プラス イオン倉敷店,岡山県倉敷市水江1 
ザ・ビッグ倉敷笹沖店,岡山県倉敷市笹沖九間樋前１３３７ 
セガワールド倉敷,岡山県倉敷市西中新田字八反割535-2 
タイトーFステーションマルナカ新倉敷店,岡山県倉敷市玉島爪崎981-1 
トイザらス倉敷店,岡山県倉敷市水江１ イオンモ－ル倉敷１Ｆ
トーマスタウンmini倉敷,岡山県倉敷市寿町12-2 アリオ倉敷2F
パルドスパティオ店,岡山県倉敷市笹沖１２７４－１ ゆめタウン倉敷店３階
モーリーファンタジーイオン倉敷店,岡山県倉敷市水江1番地 イオン1階
モーリーファンタジー水島店,岡山県倉敷市水島高砂町3番11号 マックスバリュ1階
ユーズランド倉敷店,岡山県倉敷市水江1番地 イオンモール倉敷店2階
MrMax岡山西店,岡山県岡山市北区久米３１０－１ 
こころっこ岡北,岡山県岡山市中井町2-2-7 天満屋ハピータウン 岡北店 3階
こころっこ岡南,岡山県岡山市築港新町1-18-5 天満屋ハピータウン岡南店 3階
こどもや 西大寺店,岡山県岡山市東区西大寺南１－２－１ 天満屋ハピータウン西大寺店内
ふぇすたらんど平島店,岡山県岡山市東区東平島１６０９ マルナカ平島店１階
ふぇすたらんど築港店,岡山県岡山市南区築港元町14-1 山陽マルナカ築港店内
ふぇすたらんど高屋店,岡山県岡山市中区高屋36-1 
アミパラ岡山店,岡山県岡山市北区青江１－１３－８ 
アミューズメントプレイス・ギミック・セガ,岡山県岡山市中区藤崎599-12 
イトーヨーカドー岡山店,岡山県岡山市北区下石井２－１０－２ 
ゲームアイビス岡山店,岡山県岡山市中区高屋308番地３ 
セガイオンモール岡山,岡山県岡山市北区下石井1-2-1 イオンモール岡山6F 6024-1区画
トイザらス岡山店,岡山県岡山市北区岡南町２－６－５２ 
ビックカメラ岡山駅前店,岡山県岡山市北区駅前町１－１－１ 
モーリーファンタジー・f岡山店,岡山県岡山市北区志茂石井1丁目2番1号 イオン4階
レインボーランド津高店,岡山県岡山市北区横井上83番3号 イズミヤ津高店4階
岡山ジョイポリス,岡山県岡山市北区下石井2-10-1 
アミパラ津山店,岡山県津山市河辺１０００－１ イオン津山ショッピングセンター内２階
イオン津山店,岡山県津山市河辺1000-1 
モーリーファンタジー津山店,岡山県津山市河辺1000-1 イオン2階
ゆめランド邑久店,岡山県瀬戸内市邑久町尾張２６８ イズミゆめタウン邑久２階
こころっこ玉野,岡山県玉野市宇野1-38-1 天満屋ハピータウン玉野店 3階
こどもや リブ総社店,岡山県総社市門田１８７ リブ総社２１店内３Ｆ
アミューズメントパークMG総社店,岡山県総社市門田元屋敷187番地 天満屋リブ総社店3階
アミューズメントパークマルナカ山陽店,岡山県赤磐市下市１３３ 
こころっこ原尾島,岡山県原尾島1-6-20 天満屋ハピータウン原尾島店 3階
こころっこアルパーク広島,広島県西区井口明神1丁目16番1号 アルパーク天満屋 4階
namcoフジグラン三原店,広島県三原市円一町1-1-7 
フジグラン三原,広島県三原市円一町１－１－７ 
モーリーファンタジー三原店,広島県三原市城町2-13-1 イオン2階
アズロスパティオ店,広島県呉市宝町５－１０ ゆめタウン呉３階
イオン広店,広島県呉市広本町2-17-1 
ペリカン呉店,広島県呉市宝町５－１０ ゆめタウン呉３Ｆ
ピノッキースパティオ大竹店,広島県大竹市晴海1-5-1 
ペリカン大竹店,広島県大竹市晴海１－６－１ ゆめタウン大竹２Ｆ
ピノッキースパティオ吉田店,広島県安芸高田市吉田町吉田594-1 ゆめタウン吉田店2F
キッスロード・オプト・セガ,広島県尾道市新浜1-2-13 
フジグラン尾道子供の国,広島県尾道市東尾道１９－７ 
モーリーファンタジー尾道店,広島県尾道市天満町17-23 イオン2階
GIGAゾーン広島駅前店,広島県広島市南区松原町2-22 フタバ図書GIGA5F
namcoフジグラン高陽店,広島県広島市安佐北区亀崎1-1-6 フジグラン高陽店3F
namco広島紙屋町店,広島県広島市中区大手町2丁目3-3 アニメイトビル1F
ふぇすたらんど五日市店,広島県広島市佐伯区八幡１－２４－１７ サンリブ五日市店２階
ふぇすたらんど可部店,広島県広島市安佐北区可部７－４－１３ マルナカ可部店２階
ゆめＫＩＤＳゆめタウン広島店,広島県広島市南区皆実町2丁目8番17号 ゆめタウン広島店345
アミパラ広島店,広島県広島市西区西観音町３－１７ 
アルティーアルパーク北棟店アルティランド,広島県広島市西区草津南4-7-1 アルパーク北棟店2階
イオン広島祇園店,広島県広島市安佐南区祇園3-2-1 
エディオンネバーランド広島本店,広島県広島市中区大手町２－３－３ 
サンリブ五日市店,広島県広島市佐伯区八幡１－２４－１７ 
セガワールド大町,広島県広島市安佐南区大町東3-27-4 
セガワールド宇品,広島県広島市南区宇品西3-4 
タイトーステーションフジグラン緑井店,広島県広島市安佐南区緑井1-5-2 フジグラン緑井3階
タイトーステーション広島本通店,広島県広島市中区本通3-5 
タイトーステーション広島紙屋町店,広島県広島市中区紙屋町２ー２－２１ 
トイザらス広島八木店,広島県広島市安佐南区八木１－２８－９ 
ナムコランド広島アルパーク,広島県広島市西区草津新町２－２６－１ アルパーク東棟４Ｆ
フジグラン広島,広島県広島市中区宝町２－１ 
フジグラン緑井,広島県広島市安佐南区緑井１－５－２ 
モーリーファンタジー・f 広島祗園店,広島県広島市安佐南区祇園3丁目2-1 イオンショッピングセンター3階
モーリーファンタジー宇品店,広島県広島市南区宇品東6-1-15 イオン2階
モーリーファンタジー広島祗園店,広島県広島市安佐南区祇園3丁目2-1 イオン3階
楽市楽座広島店,広島県広島市南区段原南１－３－５２ 広島段原ショッピングセンター７階
namcoフジグランナタリー店,広島県廿日市市阿品3-1-1 フジグランナタリー2F 
エディオン廿日市店,広島県廿日市市新宮１－９－３４ 
フジグランナタリー,広島県廿日市市阿品３－１－１ 
タイトーFステーションゆめタウン東広島店,広島県東広島市西条土与丸1-5-7 ゆめタウン4階
ナムコランド東広島店,広島県東広島市西条町御薗宇4405 フジグラン東広島店 2F
ピノッキーランドイズミ黒瀬店,広島県東広島市黒瀬町楢原１００－１ 
フジグラン東広島,広島県東広島市西条町御薗宇４４０５ 
ブラックジャック東広島店,広島県東広島市西条町御薗宇６１２０ 賀茂ボール
ペリカン東広島店,広島県東広島市西条土与丸１－５－７ ゆめタウン東広島内４Ｆ
MrMax新神辺店,広島県福山市神辺町川北１５３３ 
あみぱらんど福山店,広島県福山市三吉町南２－８－２４ 
こどもや ポートプラザ店,広島県福山市入船町３－１－２５ 天満屋ハピータウンポートプラザ店内
わいわいランド福山店,広島県福山市入船町3-1-60 イトーヨーカドー福山店2F
アミパラ神辺店,広島県福山市神辺町新道上１-２-１ 
アミューズメントパークMGゆめタウン松永店,広島県福山市柳津町1丁目5-7 ゆめタウン松永店2階
アミューズメントパークＭＧポートプラザ店,広島県福山市入船町3丁目2番2号 天満屋ハピータウンポートプラザ店内2F
イトーヨーカドー福山店,広島県福山市入船町３－１－６０ 
セガワールド福山,広島県福山市瀬戸町山北300 
タイトーステーションフジグラン神辺店,広島県福山市神辺町新道上2-10-6 フジグラン神辺店内3階
トイザらス福山店,広島県福山市東深津町３－２１－４７ 
フジグラン神辺,広島県福山市神辺町大字新道上字２－１０－２６ 
福山メトロポリス,広島県福山市一文字町24-1 
ふぇすたらんど府中店,広島県安芸郡府中町大須４－２－１０ サンリブ府中店３階ゲームコーナー
セガワールドメガ海田,広島県安芸郡海田町南大正町3-35 
ナムコランド広島,広島県安芸郡府中町大須２－１－１ イオンモール広島府中ソレイユ
フジグラン安芸,広島県安芸郡坂町北新地２－３－３０ 
フタバ図書TERA広島府中,広島県安芸郡府中町大須2-1-1-3022イオンモール広島府中3F 
モーリーファンタジー広島府中店,広島県安芸郡府中町大須2-1-1 イオン2階
MrMax末武店,山口県下松市美里町２－７－１ 
ふぇすたらんど下松店,山口県下松市南花岡６－８－１ サンリブ下松店２階
アミュージアム周南店,山口県下松市中央町２１－３ ザ・モール周南３階
サンリブ下松店,山口県下松市南花岡６－８－１ 
西友周南店,山口県下松市中央町２１－３ 
GAMEパフェ下関店,山口県下関市竹崎町4-4-8 シーモール専門店街5F
MrMax綾羅木店,山口県下関市綾羅木新町３－２－１ 
おもちゃのあおき 夢シティ下関店,山口県下関市伊倉新町3-1-1 ゆめシティ3F
ゆめシティゆめパーク,山口県下関市伊倉新町3丁目1-1 
アミパラ下関店,山口県下関市長府才川１丁目４２－４８ 
サンリブ東駅店,山口県下関市羽山町３－２０ 
トイザらス下関店,山口県下関市ゆめタウン１－１ ゆめタウン長府内
モーリーファンタジー光店,山口県光市浅江字木園1756-1 イオン2階
VIVACE周南,山口県周南市古市1-4-1 ロックタウン周南内
ペリカン新南陽店,山口県周南市清水２－２－１ ゆめタウン新南陽３Ｆ
MrMax宇部店,山口県宇部市大字東岐波１５６９－１ 
ドン・キホーテ宇部店,山口県宇部市妻崎開作８４１－３ 
フジグラン宇部,山口県宇部市明神町３－１－１ 
ペリカン宇部店,山口県宇部市大字妻崎開作４１１ ゆめタウン宇部内１Ｆ
ワンダーパーク宇部,山口県宇部市明神町三丁目1番1号 フジグラン宇部店2F
MrMax山口店,山口県山口市黒川８２－１ 
てくもぴあ阿知須店,山口県山口市阿知須4825-1 
ザ・サードプラネット山口店,山口県山口市湯田温泉6-8-3 
タイトーステーションメルクス店,山口県山口市大字黒川82-1 ハイパーモールメルクス山口内
トイザらス山口店,山口県山口市大内長野５８１ ザ・ビッグ大内店２Ｆ
フジグラン山口,山口県山口市黒川３７３６ 
ペリカン山口店,山口県山口市大内御堀１３０２－１ ゆめタウン山口２Ｆ
ＡＧスクエア小郡店,山口県山口市小郡前田町３－６ 
namcoゆめタウン小野田店,山口県山陽小野田市中川6-4-1 おのだサンパーク内 ゆめタウン小 
ナムコランドおのだサンパーク店,山口県山陽小野田市中川6-4-1 おのだサンパークショッピングセンター2F
ピノッキーランドゆめタウン南岩国店,山口県岩国市南岩国町１－２０－３０ 
フジグラン岩国,山口県岩国市麻里布町２－９－８ 
MrMax柳井店,山口県柳井市駅南１－１１ ＭｒＭａｘ柳井ショッピングセンター
てくもぴあ柳井店,山口県柳井市駅南1-11 ミスターマックス柳井ショッピングセンターA棟
フラーボスパティオ店,山口県柳井市南町４－５－３ ゆめタウン柳井店２階
ザ・ビック美祢店 ゲームコーナー,山口県美祢市大嶺町東分3469-1 ゲームコーナー
ふぇすたらんど萩店,山口県萩市唐樋町２－４ 
ＢＩＧエクストラ萩　お遊び広場,山口県萩市大字椿２２８３－１ 
ちびっこらんど長門店,山口県長門市仙崎網田322-2 フジ長門店内２Ｆ
フジ長門店,山口県長門市仙崎３２２－２ 
SOYUFamilyGameField防府店,山口県防府市鐘紡町7-1 イオンタウン防府1階
イオン防府店,山口県防府市中央町１－３ 
ピノッキースパティオ防府店,山口県防府市八王子2-6-8 ゆめタウン防府店
モーリーファンタジー防府店,山口県防府市中央町1-3 イオン3階
フジ ザ・カジュアル池田店,徳島県三好市池田町サラダ1612 
パロ小松島,徳島県小松島市小松島町領田２０ 小松島ショッピングプラザルピア１階
アミューズメントパフェパレパレ田宮,徳島県徳島市南田宮2-2-46 
アミューズメントパークMG徳島店,徳島県徳島市西新浜町１－４５ マルナカ徳島店２階
セガ徳島スエヒロボウル,徳島県徳島市南末広4-95-2 
ふぇすたらんど脇町店,徳島県美馬市脇町拝原１７１１番地１ マルナカ脇町店２階ゲームコーナー
フジグラン阿南,徳島県阿南市領家町土倉１０ 
ナムコランド鳴門店,徳島県鳴門市撫養町大桑島字すべり岩浜4-9 パワーシティ鳴門別棟
ナムコランド石井,徳島県名西郡石井町高川原天神５４４－１ フジグラン石井店内２Ｆ
フジグラン石井,徳島県名西郡石井町高川原字天神５４４－１ 
namcoゆめタウン徳島店,徳島県板野郡藍住町奥野字東中須88-1 ゆめタウン徳島2階
タイトーステーションフジグラン北島店,徳島県板野郡北島町鯛浜字西ノ須174 フジグラン北島店内
フジグラン北島,徳島県板野郡北島町鯛浜字西ノ須１７４ 
アミューズメントパークMG志度店,香川県さぬき市志度2431番地1 パルティフジ志度店別棟
ゆめタウン三豊店ＢＩＧＷＡＶＥ,香川県三豊市豊中町本山甲22番地 ゆめタウン三豊店内2階
ペリカン三豊店,香川県三豊市豊中町本山甲２２ ゆめタウン三豊店内２Ｆ
ゆめタウン丸亀ＢＩＧＷＡＶＥ店,香川県丸亀市新田町150 ゆめタウン丸亀店内3階
ハロータイトー丸亀,香川県丸亀市川西町南１２８０番地１ フジグラン丸亀バッハ棟２Ｆ
フジグラン丸亀,香川県丸亀市川西町南１２８０－１ 
マックスプラザ善通寺,香川県善通寺市中村町1798-2 マックスプラザ
ふぇすたらんど白鳥店,香川県東かがわ市白鳥１４４－１ マルナカ白鳥店内
ふぇすたらんど豊浜店,香川県観音寺市豊浜町姫浜1158番1号 マルナカ豊浜店
SOYU Game Field高松店,香川県高松市香西本町1―1 イオン高松ショッピングセンター2階
ゆめタウン高松店ゆめランド,香川県高松市三条町字中所608-1 ゆめタウン高松店内(株)ナムコ
アイカツ!オフィシャルショップ イオンモール高松店,香川県高松市香西本町1-1 イオンモール高松3F
アミューズメントパークＭＧレインボー店,香川県高松市多肥下町凹原６３０番地 パワーシティレインボー店２階
イオン高松東店,香川県高松市福岡町3-8-5 
セガ高松,香川県高松市勅使町535 
トイザらス高松店,香川県高松市屋島西町字百石１９１２－１ パワ－シティ屋島２Ｆ
ナムコランド十川店,香川県高松市十川西町６５１－１ フジグラン十川　別棟
フジグラン十川,香川県高松市十川東町５５－１ 
ペリカン高松店,香川県高松市三条町６０８－１ ゆめタウン高松２Ｆ
モーリーファンタジー高松店,香川県高松市香西本町1-1 イオン3階
モーリーファンタジー高松東店,香川県高松市福岡町3-8-5 イオン3階
パラダイスアイランド,香川県小豆郡土庄町半の池甲1360-71 
アミューズメントパークＭＧ宇多津店,香川県綾歌郡宇多津町２４１９－１ スーパーセンターマルナカ店内
モーリーファンタジー・f 綾川店,香川県綾歌郡綾川町萱原822-1 イオンショッピングセンター3階
モーリーファンタジー綾川店,香川県綾歌郡綾川町萱原822-1 イオン3階
エディオン今治本店,愛媛県今治市馬越町2-4-10 
タイトーFステーション今治店,愛媛県今治市東村1-745-1 
ナムコランド今治店,愛媛県今治市東門町　５丁目１３番１号 フジグラン今治店内
フジグラン今治,愛媛県今治市東門町５－１３－１ 
モーリーファンタジー今治店,愛媛県今治市馬越町4-8-1 イオン3階
フジ伊予店,愛媛県伊予市米湊字安広７２８－３ 
フジグラン北浜,愛媛県八幡浜市北浜1-1590-24 
ふぇすたらんど川之江店,愛媛県四国中央市妻鳥町上樋ノ上1795-1 イオン川之江店2F
イオン川之江店,愛媛県四国中央市妻鳥町上樋之上1795-1 
ナムコランド川之江店,愛媛県四国中央市妻鳥町１１３６-１ フジグラン川之江店内２Ｆ
フジグラン川之江,愛媛県四国中央市妻鳥町１１３６－１ 
フジグラン大洲,愛媛県大洲市中村246-1 
フジグラン北宇和島,愛媛県宇和島市伊吹町甲９１２－２ 
イオン新居浜店,愛媛県新居浜市前田町8-8 
フジグラン新居浜,愛媛県新居浜市新須賀町２－１０－７ 
プラサカプコン新居浜店,愛媛県新居浜市前田町８－８ イオン新居浜ショッピングセンター２階
モーリーファンタジー新居浜店,愛媛県新居浜市前田町8番8号 イオン1階
アミューズメントパークＭＧ重信,愛媛県東温市野田３－１－１３ フジグラウン重信店内２階
フジグラン重信,愛媛県東温市野田３－１－１３ 
らんらんらんど三津店,愛媛県松山市三津３丁目５番４０号 ピコア２１三津店1F
らんらんらんど南松山店,愛媛県松山市朝生田町５丁目１番２５号 2F
アミパラ松山店,愛媛県松山市生石町６５５－１ 
セガ松山,愛媛県松山市枝松5-7-32 
タイトーステーション衣山店,愛媛県松山市衣山１丁目１８８ パルティフジ内
トイザらス松山店,愛媛県松山市朝生田町４－４－３２ 
バンバン衣山店,愛媛県松山市衣山町1-248-1 
ビッグバンアミぷり,愛媛県松山市大街道1-4-17 
フジグラン松山,愛媛県松山市宮西１－２－１ 
モーリーファンタジー松山店,愛媛県松山市天山1丁目13番5号 イオン3階
ｎａｍｃｏフジグラン松山店,愛媛県松山市宮西１丁目２－１ フジグラン松山店内４Ｆ
アミューズメントパークＭＧ東予店,愛媛県西条市周布１９１番地 マルナＫ東予店敷地内
フジグラン西条,愛媛県西条市新田字北新田２３５ 
エミフルMASAKI,愛媛県伊予郡松前町筒井８５０番 
ソユーフォレストハンター松前店,愛媛県伊予郡松前町筒井８５０ エミフルＭＡＳＡＫＩＡＭ棟１階
フジ南宇和店,愛媛県南宇和郡愛南町城辺乙544 
サニーアクシス南国店アクシスキッズ,高知県南国市大そね乙１００９ サニーアクシス南国店
ゲオパーク四万十店,高知県四万十市右山五月町８－１３ ゲオ四万十店内
ナムコランド四万十店,高知県四万十市具同字東五反田2222番地 フジグラン四万十店内
フジグラン四万十,高知県四万十市具同２２２２ 
フジ宿毛店,高知県宿毛市宿毛5380番地1 
マルナカ須崎店ゲームコーナー,高知県須崎市神田2500-1 マルナカ須崎店内
フジグラン野市,高知県香南市野市町西野２００７－１ 
セガワールドフジグラン,高知県高知市朝倉東町52-15 フジグラン高知3階
チッキッズ イオン高知旭町店,高知県高知市旭町３－９４ イオン高知旭町店２Ｆ
ナムコランド葛島店,高知県高知市小倉町3-30 フジグラン葛島店内
フジグラン高知,高知県高知市朝倉東町５２－１５ 
プラサカプコン高知店,高知県高知市秦南町１丁目４－８ イオン高知ショッピングセンター２階
モーリーファンタジー高知店,高知県高知市秦南町1丁目4-8 イオン2階
チッキッズ,高知県吾川郡いの町２０５ サニーアクシスいの店内２階
ダイエーショッパーズモールなかま店,福岡県中間市上蓮花寺１－１－１ 
ＳＥＧＡＡＲＥＮＡ中間,福岡県中間市上蓮花寺3-11-1 
ふぇすたらんど久留米店,福岡県久留米市野中町１４１１ サンリブ久留米２Ｆゲームコーナー
サンリブ久留米店,福岡県久留米市野中町１４１１－１ 
トイザらス久留米店,福岡県久留米市新合川１－３－３０ ゆめタウン久留米別館２Ｆ
プラボ久留米店,福岡県久留米市新合川１丁目２番１号 ゆめタウン久留米２階
楽市楽座２１０久留米店２Ｆ,福岡県久留米市東合川２－２－１ 
楽市街道くるめ店,福岡県久留米市新合川２－７－１０ 久留米アミュ－ズメントビル内１階
イオン戸畑ショッピングセンター,福岡県九州市戸畑区汐井町2番2号 
ゆめタウン八女店ゆめキッズ,福岡県八女市大字蒲原９８８－２８ 
ピノキオランド八女店,福岡県八女市蒲原字五反田８４８ トライアル八女店１Ｆ
楽市楽座八女店,福岡県八女市吉田５８８番地 
MrMax八幡東店,福岡県北九州市八幡区東田1-4-22 
MrMax八幡西店,福岡県北九州市八幡西区真名子２－４－１ 
MrMax小倉北店,福岡県北九州市小倉北区西港町9-16 
MrMax本城店,福岡県北九州市八幡西区本城５－１－１ 
ふぇすたらんど三ヶ森店,福岡県北九州市八幡西区三ケ森３－９－１ サンリブ三ケ森店１階
アミュージアム小倉店,福岡県北九州市小倉南区下曽根新町10-1 THE MALL小倉内3階
イオン若松店,福岡県北九州市若松区二島1-3-1 
サンリブシティ小倉店,福岡県北九州市小倉南区上葛原２－１４－１ 
ザ・サードプラネットイオンタウン黒崎店,福岡県北九州市八幡西区西曲里町3-1 イオンタウン黒崎店内
スマイルステーション戸畑店,福岡県北九州市戸畑区汐井町2-2 イオン戸畑店3F
タイトーステーションリバーウォーク（プリスタ）,福岡県北九州市小倉北区室町１ー１－１ リバーウォーク北九州４Ｆ５４０９
トイザらス八幡店,福岡県北九州市八幡東区東田３－２－１０２ イオン八幡東ショッピングセンタ－１Ｆ
モーリーファンタジー八幡東店,福岡県北九州市八幡東区東田3丁目2-102 イオン3階
モーリーファンタジー徳力店,福岡県北九州市小倉南区守恒2-8-8 イオン2階
モーリーファンタジー若松店,福岡県北九州市若松区二島1-3-1 イオン2階
小倉メトロポリス,福岡県北九州市小倉北区西港町２７－５ 
楽市楽座イオンモール八幡東店,福岡県北九州市八幡東区東田3-2-102 イオン八幡東ショッピングセンター内 3階
楽市楽座サンリブシティ小倉店,福岡県北九州市小倉南区上葛原2-14-1 
楽市楽座砂津店,福岡県北九州市小倉北区砂津3丁目1-1 チャチャタウン小倉B棟3階
楽市楽座黒崎店,福岡県北九州市八幡西区桜ヶ丘町１番３号 
遊遊パーク 若松店,福岡県北九州市若松区本町3-11-1 サンリブ若松店2F
遊遊パーク朝日ヶ丘店,福岡県北九州市小倉北区朝日ケ丘3-18 サンリブ朝日ケ丘2階
ふぇすたらんど古賀店,福岡県古賀市天神２－５－１ サンリブ古賀店２階
サンリブ古賀店,福岡県古賀市天神２－５－１ 
パスカランド大川店,福岡県大川市大字上巻字野口430-1 ゆめタウン大川店 2F
MrMax大牟田店,福岡県大牟田市馬渡町１－１ ＭｒＭａｘ大牟田ショッピングセンター
タイトーFステーション大牟田店,福岡県大牟田市旭町2丁目28-1 ゆめタウン大牟田2F
トイザらス大牟田店,福岡県大牟田市旭町２－２８－１ ゆめタウン大牟田別館１Ｆ
モーリーファンタジー大牟田店,福岡県大牟田市岬町３-４ イオン2階
楽市楽座イオンモール大牟田店,福岡県大牟田市岬町3-4 イオンモール大牟田内2階
楽市楽座大牟田店,福岡県大牟田市大字唐船６９－１ 
らんらんらんど下大利店,福岡県大野城市下大利１－２１－１ ダイエー下大利店2F
モーリーファンタジー大野城店,福岡県大野城市錦町4-1-1 イオン3階
スペースタイム２５宗像店,福岡県宗像市くりえいと１丁目５番１号 サンリブ宗像店２階
イオン小郡店,福岡県小郡市大保字弓場110 
楽市楽座イオン小郡店,福岡県小郡市大保弓場110 
MrMax春日店,福岡県春日市大字下白水２０５－２２ 
スペースタイム２５春日店,福岡県春日市春日５－１７ ザ・モール春日店２階
フタバ図書ギガ春日店,福岡県春日市昇町8丁目1-1 アミューズメントコーナー内
西友ザ・モール 春日店,福岡県春日市春日５－１７ 
イオン甘木店,福岡県朝倉市甘木380 
スペースタイム２５甘木店,福岡県朝倉市甘木岩入３８０番地 九州イオン株式会社甘木店２階内
サンゲームスゆめモール柳川店,福岡県柳川市三橋町蒲船津地内34 街区29 画地 
ふぇすたらんど田川店,福岡県田川市川宮１６９３－１ サンリブ田川店２階
らんらんらんど田川店,福岡県田川市大字伊田字火掛４６１６番 トライアル田川店1F
イオン直方店,福岡県直方市湯野原2-1-1 
プラサカプコン直方店,福岡県直方市湯野原２－１－１ イオンモール直方２階
モーリーファンタジー直方店,福岡県直方市湯野原2丁目1番1号 イオン2階
ＭＡＣ直方店,福岡県直方市大字下新入字東浮洲３８８－２ 
MrMax土井店,福岡県福岡市東区青葉７－６１－１ 
MrMax姪浜店,福岡県福岡市西区内浜1-7-1 
MrMax橋本店,福岡県福岡市西区橋本１－１０－２７ 
namco博多バスターミナル店,福岡県福岡市博多区博多駅中央街２－１ 博多バスターミナル７階
ゆめタウン博多ビッグ・ウェーブ,福岡県福岡市東区東浜1-1-1 
らんらんらんどキッズパーク店,福岡県福岡市博多区住吉１－２－２２ キャナルシティＯＰＡB1F
らんらんらんどマリナタウン店,福岡県福岡市西区豊浜3-1-10 ショッパーズモールマリナタウン2F
らんらんらんど笹丘店,福岡県福岡市中央区笹丘1-28-74 ダイエー笹丘店地下1階
イオン福岡伊都店,福岡県福岡市西区徳永１１３－１ 
イオン香椎浜店,福岡県福岡市東区香椎浜3-12-1 
ジーカム和白店,福岡県福岡市東区和白3-27-69 
タイトーステーションキャナルシティ博多店,福岡県福岡市博多区住吉1-2-22 
タイトーステーションマリノア,福岡県福岡市西区小戸2-2704-2 ピアウォークマリノアシティ2階
タイトーステーションヨドバシ博多店,福岡県福岡市博多区博多駅中央街６ー１２ ヨドバシビル４Ｆ
タイトーステーション博多パピヨンプラザ店,福岡県福岡市博多区千代１－２－１７ 
タイトーステーション福岡天神店,福岡県福岡市中央区天神２ー６ー３５ サザンクロスビル
ダイエーマリナタウン店,福岡県福岡市西区豊浜3-1-10 
ダイエー福重店,福岡県福岡市西区拾六町１－７－１ 
ダイエー笹丘店,福岡県福岡市中央区笹丘１－２８－７４ 
トイザらス福岡ホークスタウン店,福岡県福岡市中央区地行浜２－２－１ ホークスタウン１Ｆ
トイザらス福岡香椎店,福岡県福岡市東区香椎浜3-12-1 イオンモール香椎浜2F
トムソーヤのなかまたち福岡店,福岡県福岡市中央区地行浜2-2-1 ホークスタウンモール1F
モーリーファンタジー原店,福岡県福岡市早良区原6丁目27番8号 イオン3階
モーリーファンタジー福岡伊都店,福岡県福岡市西区徳永113-1 イオン3階
モーリーファンタジー香椎浜店,福岡県福岡市東区香椎浜3-12-1 イオン2階
ヨドバシカメラマルチメディア博多,福岡県福岡市博多区博多駅中央街６－１２ 
ラウンドワンスタジアム博多半道橋店,福岡県福岡市博多区半道橋2丁目2番8号 
楽市楽座イオンモール福岡伊都店,福岡県福岡市西区徳永１１３－１ イオンモール福岡伊都店別館２階
楽市楽座福重店,福岡県福岡市西区石丸4-263-1 
楽市街道箱崎店２Ｆ,福岡県福岡市東区箱崎5丁目1番8号 
遊遊パーク フォレオ博多,福岡県福岡市博多区東那珂1-14-46 フォレオ博多2F
イオン福津店,福岡県福津市793 2F
トイザらス福津店,福岡県福津市793イオンモール福津店3F 
モーリーファンタジー福津店,福岡県福津市793 イオン2階
楽市楽座イオンモール福津店,福岡県福津市793 イオンモール福津店内3階
ふぇすたらんど筑後店,福岡県筑後市徳久２４８－１ サンリブ筑後２階内
らんらんらんど筑後店,福岡県筑後市大字上北島字井原口１２５９－１ トライアル筑後店1F
イオン筑紫野店,福岡県筑紫野市立明寺434-1 
ナムコ ゆめタウン筑紫野ゆめキッズ店,福岡県筑紫野市針摺東3-3-1 
ベレッサランド筑紫野店,福岡県筑紫野市美しが丘南1-12-1 筑紫野ベレッサ2F
ワンダーパーク筑紫野,福岡県筑紫野市針摺東3-1-8 ゆめタウン筑紫野本館パ＾ト２
楽市楽座イオンモール筑紫野店,福岡県筑紫野市立明寺434-1-337 
イオンスーパーセンター志摩店,福岡県糸島市志摩津和崎29-1 
ゆめタウン行橋店ＢＩＧＷＡＶＥ,福岡県行橋市西宮市３－８－１ ゆめタウン行橋店内
ペリカン行橋店,福岡県行橋市西宮市３－８－１ ゆめタウン行橋２Ｆ
楽市楽座行橋店,福岡県行橋市西泉6-1-1 
らんらんらんど飯塚店,福岡県飯塚市徳前1-4 トライアル飯塚店1階
イオン穂波ショッピングセンター,福岡県飯塚市枝国長浦666-48 
楽市楽座イオン穂波店,福岡県飯塚市枝国長浦666-48 イオン穂波店2階
ポップンパーク大木店,福岡県三潴郡大木町蛭池1200番地 SuC1階
ふぇすたらんど苅田店,福岡県京都郡苅田町殿川町1-7 サンリブEL苅田店1階
MrMax Select宇美,福岡県糟屋郡宇美町桜原3丁目4番1号 
MrMax粕屋店,福岡県糟屋郡粕屋町仲原２７１４ 
らんらんらんどミスターマックス新宮店,福岡県糟屋郡新宮町大字上府898番地 ミスターマックス新宮店1F
イオン福岡店,福岡県糟屋郡粕屋町酒殿字老ノ木192 -1
サンゲームス新宮店,福岡県糟屋郡新宮町美咲3-1-40 
トイザらス福岡かすや店,福岡県糟屋郡粕屋町大字酒殿字老ノ木１９２ －１－１００１  イオンモ－ル福岡ルクル１Ｆ
ピノキオランド宇美店,福岡県糟屋郡宇美町宇美４－８－１ ライフプラザユービオス３Ｆ
プレイランドゆうゆうパークイオン福岡東店,福岡県糟屋郡志免町別府北２－１４－１ 
モーリーファンタジー福岡店,福岡県糟屋郡粕屋町大字酒殿字老ノ木192-1 イオン2階
楽市楽座イオンモール福岡ルクル店,福岡県糟屋郡粕屋町大字酒殿字老ノ木192-1 イオンモール福岡ルクル2階
楽市楽座２１０トリアス店,福岡県糟屋郡久山町山田990 
らんらんらんど水巻店,福岡県遠賀郡水巻町樋口3-10 ダイエー水巻町1階
ピノキオランド水巻店,福岡県遠賀郡水巻町頃末南２－１３－１ グランドモール内
ポップンパーク岡垣店,福岡県遠賀郡岡垣町大字黒山338-1 イオンスーパーセンター1階
ソニックワールド伊万里店,佐賀県伊万里市二里町八谷搦１８９番地３ 
MrMax佐賀店,佐賀県佐賀市巨勢町牛島７５０ モラージュ佐賀内
ゆめタウン佐賀　キッズパーク,佐賀県佐賀市兵庫町藤木兵庫北土地区画整理地内２２街区 ゆめタウン佐賀２階
アミパラ佐賀,佐賀県佐賀市巨勢町大字牛島730 モラージュ佐賀南館1F
トイザらス・ベビーザらス佐賀店,佐賀県佐賀市兵庫町兵庫北土地区画整理地内22街区 ゆめタウン佐賀 1F
ナムコランド佐賀,佐賀県佐賀市兵庫町兵庫北土地区画整理地内２２街区 ゆめタウン佐賀店２Ｆ
フエゴワールド佐賀店,佐賀県佐賀市巨勢町牛島７３０ モラージュ佐賀２Ｆ
モーリーファンタジー佐賀大和店,佐賀県佐賀市大和町大字尼寺3535番地 イオン2階
モーリーファンタジー佐賀店,佐賀県佐賀市東与賀町大字下古賀字一本杉87番地1 イオンスーパーセンター1階
楽市楽座３０３佐賀大和店,佐賀県佐賀市大和町尼寺２９６５ 
遊道楽嘉瀬店,佐賀県佐賀市嘉瀬町大字中原2488-1 
MrMax唐津,佐賀県唐津市鏡3716 
イオン唐津店,佐賀県唐津市鏡字立神4671 
スペースステーション,佐賀県唐津市町田２１８０－１ まいづるスリーナイン店内
モーリーファンタジー唐津店,佐賀県唐津市鏡字立神4671 イオン2階
ゆめタウン武雄ゆめキッズ,佐賀県武雄市武雄町武雄4992 ゆめタウン武雄2Fゆめキッズ
ＡＧスクエア佐賀武雄店,佐賀県武雄市武雄町富岡１２５１７－１ アクロスプラザ武雄内
楽市楽座鳥栖店,佐賀県鳥栖市本鳥栖町下鳥栖537-1 JT2階
MrMax北茂安店,佐賀県三養基郡みやき町大字白壁２２２８ 
イオン上峰店,佐賀県三養基郡上峰町大字坊所1551-1 
アミパラ佐世保店,長崎県佐世保市大塔町１８－１５ 
イオン佐世保ショッピングセンター,長崎県佐世保市島瀬町10-9 
スペースタイム２５佐世保店,長崎県佐世保市島の瀬町10-9 ジャスコ佐世保店内8階
トイザらス・ベビーザらス佐世保店,長崎県佐世保市新港町2-1 させぼ五番街3F
モーリーファンタジー大塔店,長崎県佐世保市大塔町14-2 イオン3階
モーリーファンタジー有家店,長崎県南島原市有家町山川135-1 イオン1階
らんらんらんど壱岐店,長崎県壱岐市芦辺町箱崎中山触字干拓2604-2 ダイエー壱岐店2階
イオン大村店,長崎県大村市幸町25-200 
ソニックワールド大村店,長崎県大村市古賀島町３８３－１ 
モーリーファンタジー大村店,長崎県大村市幸町25-200 イオン2階
にこにこらんど島原店,長崎県島原市弁天町１－７０８０－１ ダイエー島原店内ゲームコーナー
ハイテクセガもみの木村,長崎県諫早市小川町90-1 
MAC浜の町店,長崎県長崎市浜町2-26 
MrMax長崎店,長崎県長崎市岩見町２６－１ 
おもちゃのあおき 長崎夢彩都店,長崎県長崎市元船町10-1 夢彩都2F
おもちゃのあおき 長崎葉山店,長崎県長崎市葉山1-28-15 S&B;葉山SC1F 
らんらんらんど長崎千歳店,長崎県長崎市千歳町5番1号 ダイエー千歳店3F
セガワールド長崎ココウォーク,長崎県長崎市茂里町1-55 みらい長崎ココウォーク5F
タイトーステーションアミュプラザ長崎店,長崎県長崎市尾上町１－１ アミュプラザ長崎４Ｆ
モーリーファンタジー東長崎店,長崎県長崎市田中町1027-8 イオン2階
ぴのきお,長崎県北松浦郡佐々町本田原免７３－３ マックスバリュ佐々店内
MrMax時津店,長崎県西彼杵郡時津町左底郷１８３２－１ 
モーリーファンタジー時津店,長崎県西彼杵郡時津町浜田郷751-5 イオン2階
FESTA人吉店,熊本県人吉市宝来町1307番地1 HITOYOSHI-REX内
タイトーステーションゆめタウン八代店,熊本県八代市建馬町３－１ ゆめタウン八代内２Ｆ
モーリーファンタジー八代店,熊本県八代市沖町六番割3987-3 イオン2階
ピノキオランド本渡店,熊本県天草市船之尾町２７９－６ ３Ｆ
モーリーファンタジー天草店,熊本県天草市亀場町食場後山下740 イオン2階
サンゲームス宇土店,熊本県宇土市水町字水町50-1 
パスカワールド宇土店,熊本県宇土市善道寺町綾織９５ 
namcoイオンモール宇城店,熊本県宇城市小川町河江1番1号 イオンモール宇城店内
トイザらス熊本南店,熊本県宇城市小川町河江１－１ イオンモール宇城バリュー２Ｆ
MrMax山鹿店,熊本県山鹿市方保田３４６２－１ 
ＦＥＳＴＡ山鹿店,熊本県山鹿市方保田鳥越３４６８－１ メルクス山鹿内
FESTAカリーノ下通店,熊本県熊本市中央区安政町1-2 カリ-ノ下通店B1F
HIヒロセ田崎市場通り店,熊本県熊本市西区上代１－５５７ 
MrMax熊本インター店,熊本県熊本市東区石原１－１－１１１ 
MrMax熊本南店,熊本県熊本市南区十禅寺３－４－１４ 
namcoサンリブ清水店,熊本県熊本市北区麻生田3-1-1 サンリブ清水2F
らんらんらんど田崎,熊本県熊本市西区田崎町字下寄380番地 イオンタウン田崎典店1F
サンピアンナムコランド,熊本県熊本市上南部二丁目２番２号 ゆめタウンサンピアン３Ｆ
テクモピアロックダム浜線店,熊本県熊本市南区田井島1-2-1 ゆめタウンはません3階
トイザらス熊本店,熊本県熊本市東区上南部２－２－２ ゆめタウンサンピアン１Ｆ
パスカランド長嶺店,熊本県熊本市東区長嶺西1-5-1 シュロアモール長嶺内
ピノキオランドくまなん店,熊本県熊本市中央区平成３－２３－３０ サンリブシティくまなん３Ｆ
ペリカンはません店,熊本県熊本市南区田井島１－２－１ ２Ｆ
ワンダーシティ南熊本店,熊本県熊本市九品寺6丁目9番1 
楽市楽座熊本インター店,熊本県熊本市東区石原1丁目1-112 
ピノキオランド玉名店,熊本県玉名市亀甲前田１１０ ビッグミカエル玉名店内
らんらんらんどあらおシティーモール,熊本県荒尾市緑ケ丘1-1-1 あらおシティモール店2階
パスカワールドグリーンランド店,熊本県荒尾市本井手１５７４－５４ 
ピノキオランドあらおシティモール店,熊本県荒尾市緑ヶ丘１－１－１ あらおシティモール内１Ｆ
モーリーファンタジー熊本店,熊本県上益城郡嘉島町上島字長池2235 イオン2階
楽市楽座イオンモール熊本クレア店,熊本県上益城郡嘉島町上島長池2232 イオンモール熊本クレア2階
スペースタイム２５錦店,熊本県球磨郡錦町西打越７１５－１ イオン錦店内
イオン菊陽店,熊本県菊池郡菊陽町津久礼2472 
スマイルステーション菊陽店,熊本県菊池郡菊陽町津久礼2472 イオン菊陽店2F
ナムコランド光の森店,熊本県菊池郡菊陽町光の森７丁目３９番１ ゆめタウン光の森　南館３Ｆ
大津ショッピングプラザアーク店ナムコランド,熊本県菊池郡大津町大字室137 大津SPアーク内
ゆめタウン中津店ゆめキッズ,大分県中津市島田134-1 ゆめタウン中津内3Fゆめキッズ
コズミックパーク三光店,大分県中津市三光佐知１０３２ イオンモール三光店２階
セガワールド中津,大分県中津市沖代町1-2-16 
ピノキオランド中津店,大分県中津市　下池永１５０－１ トライアル１Ｆ
トキハインダストリー佐伯店ナムコランド,大分県佐伯市池田2064 トキハインダストリー佐伯店２F
ＦＥＳＴＡコスモタウン佐伯店,大分県佐伯市脇津留コスモタウンＣ－４街区Ｂ－１ 
ゆめタウン別府店ＢＩＧＷＡＶＥ,大分県別府市楠町382-6 ゆめタウン別府店内
ペリカン別府店,大分県別府市楠町３８２－７ ゆめタウン別府内３Ｆ
namco  トキハ本店,大分県大分市府内町2-1-4 6階
アムス大在ナムコランド,大分県大分市大在浜２－１－１ トキハインダストリーアムス大在店内
イオンパークプレイス大分店,大分県大分市公園通り西２－１番 
イオン高城店,大分県大分市高城西町28-1 
スーパーコンボ元町店,大分県大分市大字大分４８８７ 
セガワールド高城,大分県大分市牧1-161-8 
タイトーステーションアミュプラザおおいた,大分県大分市要町1-14 アミュプラザおおいた4階
トイザらス大分店,大分県大分市大字宮崎字スカワ５２５ 
ナムコランドわさだ店,大分県大分市大字玉沢字楠本７５５－１ トキハわさだタウン内２Ｆ
ナムコランド明野店,大分県大分市明野東１－1－1 トキハインダストリー明野店内　４F
プラサカプコン大分店,大分県大分市公園通り西２－１ パークプレイス大分２階
モーリーファンタジーパークプレイス大分店,大分県大分市公園通り西2丁目-1 イオン2階
楽市楽座大分店,大分県大分市大字勢家１１３７番地 
ＦＥＳＴＡフリーモールわさだ店,大分県大分市木上鉾手２１０２ 
MrMax宇佐店,大分県宇佐市大字法鏡寺５００ 
メルクス宇佐ナムコランド店,大分県宇佐市法鏡寺500 ハイパーモールメルクス宇佐内
G-pala日田,大分県日田市大字友田字荻鶴986-1 
らんらんらんど日田,大分県日田市南元町14-22 ダイエー日田店2F
にこにこらんど杵築店,大分県杵築市杵築字北浜６６５－５２８ サンリブ杵築店内
モーリーファンタジー挾間店,大分県由布市挾間町北方77番地 イオン2階
ピノキオランド三重店,大分県豊後大野市三重町赤嶺字角神９９２ トライアル三重２Ｆ
ピノキオランドえびの店,宮崎県えびの市向江554-1 
アイカツ!オフィシャルショップ宮交シティ,宮崎県宮崎市大淀4-6-28 
アーバンスクエア北バイパス店,宮崎県宮崎市花ケ島町立毛1032-7 
イオン宮崎店,宮崎県宮崎市新別府町江口862-1 
タイヨー桜町店,宮崎県宮崎市桜町１２－１ 
タイヨー花山手店,宮崎県宮崎市花山手東３－２２番 
ダイエー宮崎店,宮崎県宮崎市大淀４－７－３０ 
ファミリーランドポニー小松台店,宮崎県宮崎市小松台南町１３－１ タイヨー小松台店内２階ゲームコーナー
ファミリーランドポニー錦町店,宮崎県宮崎市錦町38-1 グラード錦町2Fゲームコーナー
ボンベルタ橘,宮崎県宮崎市橘通西3-10-32 
モーリーファンタジー宮崎店,宮崎県宮崎市新別府町江口862-1 イオン2階
楽市楽座イオンモール宮崎店,宮崎県宮崎市新別府町江口862-1 イオン宮崎SC店内2階区画№231
ファミリーランドポニー小林店,宮崎県小林市堤金鳥居3005-12 サンキュー小林店内ゲームコーナー
HIヒロセ南延岡店,宮崎県延岡市浜町４７９２ 
イオン延岡店,宮崎県延岡市旭町2-2-1 
ゲオ リトルパーク延岡,宮崎県延岡市出北3丁目19番17号 
セガ延岡,宮崎県延岡市平原町5-1492-8 
モーリーファンタジー延岡店,宮崎県延岡市旭町2-2-1 イオン2階
ピノキオランド日南店,宮崎県日南市材木町１ 
ピノキオランド日向店,宮崎県日向市都町１０７５４－１１ トライアル日向３Ｆ
モーリーファンタジー日向店,宮崎県日向市日知屋字古田町61-1 イオン2階
ピノキオランド西都店,宮崎県西都市小野崎１－７６ 西都ショッピングセンターパオ２Ｆ
らんらんらんど都城駅前店,宮崎県都城市栄町４６７２－５ ダイエー都城駅前店2F
ジョイプラザ都城店,宮崎県都城市早水町38号5番地7 
ダイエー都城駅前店,宮崎県都城市栄町４６７２－５ 
ファミリーランドポニー都城店,宮崎県都城市下長飯町２５６－１ タイヨー都城店内ゲームコーナー
ファミリーランドポニー高城店,宮崎県都城市高城町穂満坊８５１ タイヨー高城店内ゲームコーナー
モーリーファンタジー都城店,宮崎県都城市早鈴町1950番地 イオン2階
楽市楽座イオンモールミエル都城駅前店,宮崎県都城市栄町4672-5-217 
サンゲームス串木野店,鹿児島県いちき串木野市東塩田町1番地 
セガワールド出水,鹿児島県出水市六月田町347 
ナムコランドプラッセ大和出水店,鹿児島県出水市本町4－45 大和出水店2F
ファミリーランドポニー出水店,鹿児島県出水市黄金町３１３－１ サンキュー出水店内ゲームコーナー
ファミリーランドポニー加世田店,鹿児島県南さつま市加世田地頭所町２８－３ サンキュー加世田店２階ゲームコーナー
ファミリーランドポニー西志布志店,鹿児島県志布志市志布志町安楽100-1 サンキュー西志布志店内ゲームコーナー
電遊パーク指宿店,鹿児島県指宿市十二町４０８８ ニシムタ内
ファミリーランドポニー伊集院店,鹿児島県日置市伊集院町徳重274-1 山忠ビル　ソレイユタウン内２階ゲームコーナー
ファミリーランドポニー永利店,鹿児島県薩摩川内市永利町７１２番地 タイヨー永利店内ゲームコーナー
ふぁみりーらんどゆうゆう種子島店,鹿児島県西之表市西之表10440-1 プラッセだいわ種子島店内ゲームコーナー
ふぇすたらんど隼人店,鹿児島県霧島市隼人町見次５４５ 
ザ・サードプラネットフレスポ国分店,鹿児島県霧島市国分広瀬２－４－１ 
ファミリーランドポニー新町店,鹿児島県霧島市国分新町９８０ タイヨー新町店内２階ゲームコーナー
モーリーファンタジー隼人国分店,鹿児島県霧島市隼人町見次1229 イオン2階
らんらんらんど鹿児島店,鹿児島県鹿児島市鴨池2-26-30 ダイエー鹿児島店2F
サンキュー新栄店,鹿児島県鹿児島市新栄町９－１ 
ザ・サードプラネットフレスポＪＰ鹿児島店,鹿児島県鹿児島市与次郎１-１１-１ フレスポジャングルパーク内２階
タイトーステーションアミュプラザ鹿児島店,鹿児島県鹿児島市中央町1-1 アミュプラザ鹿児島5F
ダイエー鹿児島中央店,鹿児島県鹿児島市中央町１０ 
ダイエー鹿児島店,鹿児島県鹿児島市鴨池２－２６－３０ 
ダイエー鹿児島谷山店,鹿児島県鹿児島市南栄５－１０－５１ 
テクノパークミューズ,鹿児島県鹿児島市卸本町５－３５ N`Sシティニシムタ2階ゲームコーナー
トイザらス・ベビーザらス鹿児島店,鹿児島県鹿児島市卸本町５－３５ ニシムタＮｓｃｉｔｙ２Ｆ
ビックカメラ鹿児島中央駅店,鹿児島県鹿児島市中央町１－１ フレスタ鹿児島内
ファミリーランドポニー花棚店,鹿児島県鹿児島市吉野町３６１５－１ タイヨー花棚店内２階ゲームコーナー
モーリーファンタジー鹿児島店,鹿児島県鹿児島市東開町7 イオン3階
楽市楽座オプシアミスミ店,鹿児島県鹿児島市宇宿2-3-5-2階 
ファミリーランドポニー寿店,鹿児島県鹿屋市寿７丁目４９４－１ サンキュー寿店内２階ゲームコーナー
プラッセだいわ鹿屋店ナムコランド,鹿児島県鹿屋市白崎町4-1 プラッセだいわ鹿屋店内
モーリーファンタジー姶良店,鹿児島県姶良郡姶良町東餅田336 イオン3階
ピノキオランド宮之城店,鹿児島県薩摩郡さつま町宮之城屋地１５０８ 
サンエー具志川店アミューズメントコーナー,沖縄県うるま市江洲450-1 サンエー具志川メインシティ1F
ナムコランド具志川,沖縄県うるま市字前原幸崎原３０３番地 イオン具志川ＳＣ　２階
モーリーファンタジー具志川店,沖縄県うるま市前原幸崎原303番地 イオン2階
サンエー具志川メインシティ,沖縄県具志川市江洲450-1 
モーリーファンタジー名護店,沖縄県名護市字名護見取川原4472 イオン1階
ゲームランドジョイキャッスル,沖縄県宜野湾市宇地泊558-10 サンエーコンベンションシティ内2 
パロパロ宜野湾店,沖縄県宜野湾市大山７－６－１ はにんす宜野湾１・２Ｆ
らんらんらんど浦添店,沖縄県浦添市城間４－７－１ うらぞえショッピングセンター３階
ゲオパーク西原店,沖縄県浦添市当山2丁目2番地3 ゲオ西原店内
ゲームランドジョイジャングル経塚店,沖縄県浦添市経塚６５２番 サンエー経塚シティ内２階
らんらんらんど糸満店,沖縄県糸満市兼城４００番地 サンプラザいとまん店１F
アミューズメントパークミルキーランド潮崎店,沖縄県糸満市潮崎町2-2 サンエー潮崎シティ内
ナムコランド那覇,沖縄県那覇市おもろまち４丁目４番地 サンエー那覇メインプレイス内２Ｆ
モーリーファンタジー那覇店,沖縄県那覇市金城5-10-2 イオン3階
サンエーハンビータウン,沖縄県中頭郡北谷町北前1-2-3 
サンエー西原シティ,沖縄県中頭郡西原町嘉手刈130 
サンエー西原店ゲームコーナー,沖縄県中頭郡西原町嘉手苅130-2 サンエー西原ショッピングセンター2F
モーリーファンタジー北谷店,沖縄県中頭郡北谷町字美浜8-3 イオン2階
モーリーファンタジー沖縄ライカム店,沖縄県中頭郡北中城村アワセ土地区画整理事業地内 
楽市楽座イオンモール沖縄ライカム,沖縄県中頭郡北中城村アワセ土地区画整理事業区域内4街区 イオンモール沖縄ライカム4階
モーリーファンタジー南風原店,沖縄県島尻郡南風原町字宮平264 イオン2階
